study_id,intervention_name,condition,sponsor,start_date,end_date,phase,status
NCT100000,Aspirin,COVID-19,Sanofi,2022-09-20,2025-04-07,Phase 2,Withdrawn
NCT100001,Trastuzumab,Alzheimer's Disease,Pfizer,2023-07-01,2024-09-05,,Terminated
NCT100002,Donepezil,Hypertension,Pfizer,2021-08-17,2025-05-24,Phase 1,Completed
NCT100003,Remdesivir,Breast Cancer,Sanofi,2022-04-15,2025-05-20,Phase 1,Terminated
NCT100004,Aspirin,Breast Cancer,Pfizer,2023-09-10,2024-08-28,Phase 4,Completed
NCT100005,Donepezil,COVID-19,Moderna,2021-10-08,2025-07-25,Phase 1,Withdrawn
NCT100006,Salbutamol,COVID-19,AstraZeneca,2020-09-19,2025-04-08,Phase 4,Withdrawn
NCT100007,Metformin,Asthma,Moderna,2023-12-13,2025-03-31,Phase 1,Withdrawn
NCT100008,Remdesivir,Alzheimer's Disease,AstraZeneca,2023-05-17,2025-07-29,Phase 2,Recruiting
NCT100009,Salbutamol,Breast Cancer,Moderna,2021-06-17,2025-06-29,Phase 3,Withdrawn
NCT100010,Remdesivir,Breast Cancer,GSK,2023-03-11,2025-02-17,,Terminated
NCT100011,Aspirin,Alzheimer's Disease,Moderna,2022-02-18,,Phase 3,Withdrawn
NCT100012,Remdesivir,Diabetes,Moderna,2022-05-31,,Phase 3,Withdrawn
NCT100013,Donepezil,Hypertension,AstraZeneca,2022-08-01,2025-07-23,Phase 3,Recruiting
NCT100014,,Hypertension,Novartis,2023-12-13,,Phase 4,Withdrawn
NCT100015,Aspirin,Alzheimer's Disease,Pfizer,2023-03-08,2025-04-18,,Withdrawn
NCT100016,Aspirin,Diabetes,Moderna,2023-05-19,,Phase 2,Recruiting
NCT100017,Remdesivir,COVID-19,GSK,2022-02-14,2024-11-09,Phase 2,Terminated
NCT100018,Salbutamol,Asthma,Pfizer,2021-11-03,2024-10-15,Phase 4,Completed
NCT100019,Metformin,Alzheimer's Disease,Pfizer,2021-10-08,2025-06-08,Phase 4,Completed
NCT100020,Donepezil,Alzheimer's Disease,Pfizer,2021-08-08,2024-11-26,Phase 3,Completed
NCT100021,Remdesivir,Diabetes,GSK,2022-04-12,2024-08-28,Phase 2,Completed
NCT100022,Donepezil,Alzheimer's Disease,GSK,2024-04-12,2024-08-09,,Recruiting
NCT100023,Remdesivir,Hypertension,Pfizer,2021-06-23,2025-06-26,Phase 1,Recruiting
NCT100024,Metformin,Asthma,Sanofi,2022-03-22,2025-06-08,,Terminated
NCT100025,Metformin,Asthma,Moderna,2024-02-14,2024-10-31,Phase 4,Withdrawn
NCT100026,Aspirin,Asthma,GSK,2022-07-26,2024-12-28,Phase 1,Completed
NCT100027,Donepezil,Asthma,Novartis,2020-10-14,,Phase 2,Completed
NCT100028,Trastuzumab,COVID-19,Pfizer,2023-07-26,2025-07-21,Phase 2,Completed
NCT100029,Aspirin,Asthma,AstraZeneca,2020-12-17,2024-10-02,Phase 3,Completed
NCT100030,Trastuzumab,Asthma,GSK,2022-02-27,2024-12-16,Phase 1,Withdrawn
NCT100031,Aspirin,COVID-19,Novartis,2020-12-02,2024-09-26,,Terminated
NCT100032,Salbutamol,Alzheimer's Disease,Novartis,2020-12-27,2025-02-09,Phase 2,Terminated
NCT100033,Metformin,,Novartis,2020-12-15,2025-04-12,Phase 1,Recruiting
NCT100034,Salbutamol,COVID-19,Pfizer,2021-09-25,2025-01-17,Phase 3,Completed
NCT100035,Remdesivir,Diabetes,Sanofi,2023-08-28,2024-11-14,Phase 2,Terminated
NCT100036,Aspirin,COVID-19,Sanofi,2022-05-15,2025-05-18,Phase 4,Recruiting
NCT100037,Metformin,COVID-19,Novartis,2022-08-14,,Phase 4,Withdrawn
NCT100038,Aspirin,Diabetes,Novartis,2020-11-06,2025-01-08,Phase 2,Recruiting
NCT100039,Donepezil,Alzheimer's Disease,Pfizer,2021-03-10,2024-09-18,Phase 2,Withdrawn
NCT100040,Salbutamol,Breast Cancer,Moderna,2022-04-05,2024-12-12,Phase 4,Completed
NCT100041,Donepezil,Hypertension,AstraZeneca,2021-09-14,2025-05-01,Phase 2,Terminated
NCT100042,Trastuzumab,Diabetes,Sanofi,2021-02-27,2024-09-25,Phase 1,Recruiting
NCT100043,Metformin,Diabetes,Sanofi,2022-02-27,2024-09-04,Phase 4,Recruiting
NCT100044,Aspirin,Diabetes,AstraZeneca,2021-10-04,2024-08-31,Phase 1,Withdrawn
NCT100045,Salbutamol,Diabetes,Sanofi,2023-04-07,2024-09-26,Phase 3,Completed
NCT100046,Aspirin,Hypertension,GSK,2022-12-21,2024-12-23,Phase 3,Completed
NCT100047,Salbutamol,Alzheimer's Disease,Sanofi,2020-11-14,2024-12-17,Phase 4,Recruiting
NCT100048,Remdesivir,Asthma,Pfizer,2020-11-26,2025-01-31,Phase 1,Terminated
NCT100049,Metformin,Diabetes,Sanofi,2022-04-18,2025-07-21,Phase 1,Completed
NCT100050,Remdesivir,Asthma,Pfizer,2024-03-10,2024-12-28,Phase 3,Terminated
NCT100051,Metformin,Hypertension,Moderna,2022-03-03,2025-04-23,,Recruiting
NCT100052,Metformin,Alzheimer's Disease,Moderna,2020-11-25,2025-03-23,Phase 2,Terminated
NCT100053,,Asthma,Moderna,2024-06-01,2025-04-10,Phase 3,Recruiting
NCT100054,Remdesivir,Hypertension,Moderna,2023-10-06,2025-04-22,,Terminated
NCT100055,Remdesivir,Hypertension,Pfizer,2022-09-15,2024-09-11,Phase 1,Terminated
NCT100056,Remdesivir,COVID-19,Novartis,2022-02-24,2024-12-23,,Terminated
NCT100057,Remdesivir,COVID-19,Moderna,2022-08-26,2024-11-27,,Recruiting
NCT100058,Remdesivir,COVID-19,GSK,2020-08-07,2025-03-21,Phase 4,Completed
NCT100059,Metformin,Alzheimer's Disease,Moderna,2021-08-10,2025-06-02,Phase 3,Recruiting
NCT100060,Donepezil,Alzheimer's Disease,GSK,2021-05-11,2024-11-13,Phase 1,Recruiting
NCT100061,Salbutamol,Hypertension,Pfizer,2024-01-19,2024-09-10,,Terminated
NCT100062,Donepezil,Alzheimer's Disease,GSK,2023-08-05,2025-03-31,Phase 2,Terminated
NCT100063,Trastuzumab,Hypertension,Pfizer,2023-06-29,2025-01-25,Phase 4,Recruiting
NCT100064,Aspirin,Alzheimer's Disease,Novartis,2021-04-30,2024-09-03,Phase 2,Withdrawn
NCT100065,Metformin,Asthma,Pfizer,2023-02-20,,Phase 2,Recruiting
NCT100066,Donepezil,Asthma,Pfizer,2022-12-07,2025-07-27,Phase 1,Recruiting
NCT100067,Donepezil,Alzheimer's Disease,Sanofi,2023-08-05,2024-10-04,Phase 4,Withdrawn
NCT100068,Donepezil,COVID-19,Moderna,2023-04-06,2025-04-17,Phase 1,Completed
NCT100069,Aspirin,Alzheimer's Disease,Sanofi,2023-02-11,2025-05-24,Phase 1,Terminated
NCT100070,Salbutamol,COVID-19,Sanofi,2020-11-29,2024-08-28,Phase 3,Withdrawn
NCT100071,Salbutamol,Asthma,Sanofi,2020-10-30,2024-09-09,Phase 4,Withdrawn
NCT100072,Salbutamol,Hypertension,Sanofi,2023-01-01,2025-06-04,Phase 4,Recruiting
NCT100073,Salbutamol,Asthma,AstraZeneca,2022-01-12,2024-12-20,Phase 4,Terminated
NCT100074,Remdesivir,COVID-19,Moderna,2023-01-31,2025-06-18,Phase 3,Recruiting
NCT100075,Salbutamol,Diabetes,Sanofi,2022-06-20,2024-12-13,,Terminated
NCT100076,Metformin,Breast Cancer,AstraZeneca,2023-11-23,,Phase 4,Recruiting
NCT100077,Metformin,Breast Cancer,Moderna,2023-03-09,2025-02-22,Phase 3,Withdrawn
NCT100078,Remdesivir,Breast Cancer,Sanofi,2024-07-02,2025-03-10,Phase 4,Completed
NCT100079,Salbutamol,,Novartis,2023-01-10,2025-01-18,Phase 3,Recruiting
NCT100080,Trastuzumab,Asthma,Sanofi,2023-09-04,,Phase 2,Completed
NCT100081,Aspirin,COVID-19,GSK,2020-09-08,2025-01-15,Phase 1,Withdrawn
NCT100082,Remdesivir,Breast Cancer,Pfizer,2022-08-23,2025-03-24,Phase 3,Recruiting
NCT100083,Aspirin,Hypertension,Novartis,2022-06-10,,Phase 1,Withdrawn
NCT100084,Aspirin,Diabetes,Novartis,2021-07-18,2024-11-16,Phase 4,Completed
NCT100085,Salbutamol,Hypertension,Sanofi,2021-08-19,2024-10-16,,Terminated
NCT100086,Donepezil,Diabetes,AstraZeneca,2022-08-04,2025-03-08,Phase 3,Terminated
NCT100087,Trastuzumab,Hypertension,Pfizer,2023-05-24,2024-11-30,Phase 1,Terminated
NCT100088,Salbutamol,Hypertension,Novartis,2021-07-21,2025-06-08,Phase 4,Terminated
NCT100089,Aspirin,Alzheimer's Disease,Sanofi,2022-05-01,2025-01-13,Phase 1,Withdrawn
NCT100090,Metformin,Asthma,AstraZeneca,2023-06-24,2024-10-13,Phase 1,Terminated
NCT100091,Donepezil,COVID-19,Sanofi,2023-10-15,2025-05-28,Phase 4,Terminated
NCT100092,Aspirin,Breast Cancer,Pfizer,2023-04-30,2025-05-27,Phase 4,Recruiting
NCT100093,Metformin,COVID-19,Novartis,2020-12-29,2025-02-04,Phase 2,Terminated
NCT100094,Donepezil,Asthma,Novartis,2024-03-18,2024-12-16,Phase 1,Withdrawn
NCT100095,Trastuzumab,COVID-19,Sanofi,2021-08-02,2024-10-21,Phase 4,Recruiting
NCT100096,Metformin,Diabetes,AstraZeneca,2023-11-05,2025-06-19,Phase 1,Completed
NCT100097,,COVID-19,GSK,2023-10-02,2025-03-30,Phase 4,Completed
NCT100098,Remdesivir,Asthma,Novartis,2022-01-17,2024-11-21,Phase 3,Completed
NCT100099,Donepezil,Diabetes,Novartis,2024-07-21,2024-10-20,Phase 4,Terminated
NCT100100,Remdesivir,Alzheimer's Disease,Moderna,2021-11-26,2024-11-02,Phase 3,Recruiting
NCT100101,Donepezil,COVID-19,Sanofi,2023-08-09,2024-08-30,,Completed
NCT100102,Aspirin,Diabetes,Pfizer,2020-09-23,2025-05-21,Phase 2,Recruiting
NCT100103,Metformin,Diabetes,AstraZeneca,2023-12-06,2025-05-30,Phase 3,Withdrawn
NCT100104,Trastuzumab,Hypertension,GSK,2024-07-09,,Phase 2,Withdrawn
NCT100105,Metformin,Breast Cancer,Pfizer,2021-01-31,2024-09-05,Phase 3,Completed
NCT100106,Aspirin,Alzheimer's Disease,Pfizer,2021-12-21,2025-03-09,Phase 3,Terminated
NCT100107,Remdesivir,Breast Cancer,Moderna,2020-10-18,2025-05-12,Phase 2,Withdrawn
NCT100108,Salbutamol,Breast Cancer,Pfizer,2022-10-18,,Phase 2,Completed
NCT100109,Metformin,COVID-19,Pfizer,2023-01-27,2024-12-16,Phase 1,Recruiting
NCT100110,Donepezil,Breast Cancer,AstraZeneca,2024-05-02,2024-12-08,Phase 1,Recruiting
NCT100111,Aspirin,Alzheimer's Disease,GSK,2024-04-25,2025-03-17,,Terminated
NCT100112,,Alzheimer's Disease,Novartis,2021-08-09,2024-12-19,Phase 2,Withdrawn
NCT100113,,Hypertension,Pfizer,2024-04-25,,Phase 4,Completed
NCT100114,Metformin,COVID-19,Moderna,2023-03-04,2025-01-21,,Withdrawn
NCT100115,Salbutamol,Diabetes,Sanofi,2021-05-16,2025-02-07,Phase 2,Terminated
NCT100116,Aspirin,COVID-19,Sanofi,2022-09-13,2024-08-07,Phase 2,Terminated
NCT100117,Salbutamol,Asthma,AstraZeneca,2023-11-14,2024-11-24,Phase 1,Withdrawn
NCT100118,Salbutamol,COVID-19,GSK,2024-05-12,2025-01-26,Phase 3,Recruiting
NCT100119,Metformin,Diabetes,Sanofi,2022-08-02,2025-02-08,Phase 1,Terminated
NCT100120,Salbutamol,Alzheimer's Disease,Pfizer,2021-11-22,2025-06-13,,Recruiting
NCT100121,Metformin,COVID-19,Moderna,2024-07-28,2024-12-24,Phase 3,Terminated
NCT100122,Remdesivir,Diabetes,Novartis,2023-03-09,2025-05-13,Phase 2,Terminated
NCT100123,Metformin,Diabetes,Sanofi,2024-05-02,,Phase 4,Recruiting
NCT100124,,Asthma,Moderna,2023-08-18,2025-07-26,Phase 3,Recruiting
NCT100125,Aspirin,Asthma,Pfizer,2024-07-28,2025-02-05,Phase 3,Terminated
NCT100126,Metformin,Breast Cancer,Sanofi,2020-11-05,,,Terminated
NCT100127,Remdesivir,COVID-19,Sanofi,2024-06-10,2025-02-07,,Terminated
NCT100128,Donepezil,Hypertension,Novartis,2022-12-11,,Phase 1,Completed
NCT100129,Remdesivir,Asthma,Sanofi,2021-09-22,,Phase 3,Withdrawn
NCT100130,Aspirin,Asthma,Sanofi,2020-10-29,2025-04-29,Phase 4,Recruiting
NCT100131,Donepezil,Hypertension,GSK,2023-03-05,2024-09-26,Phase 2,Withdrawn
NCT100132,,Diabetes,AstraZeneca,2021-09-29,,Phase 3,Completed
NCT100133,Metformin,Diabetes,Novartis,2020-12-05,2025-03-18,,Terminated
NCT100134,Salbutamol,COVID-19,Moderna,2023-11-06,,,Completed
NCT100135,Donepezil,Breast Cancer,Pfizer,2023-12-19,2024-08-10,Phase 3,Withdrawn
NCT100136,Donepezil,Hypertension,Moderna,2023-07-01,,Phase 1,Completed
NCT100137,Remdesivir,Diabetes,Novartis,2022-09-23,2024-10-23,,Recruiting
NCT100138,Trastuzumab,Hypertension,Novartis,2020-11-21,2025-05-19,Phase 4,Withdrawn
NCT100139,Metformin,Breast Cancer,Novartis,2021-12-27,2025-04-02,Phase 2,Completed
NCT100140,Metformin,COVID-19,Moderna,2024-03-13,,Phase 2,Recruiting
NCT100141,Aspirin,Diabetes,GSK,2023-04-16,2025-04-13,,Recruiting
NCT100142,Remdesivir,Breast Cancer,Pfizer,2024-05-10,2025-03-27,,Completed
NCT100143,Metformin,Alzheimer's Disease,Sanofi,2023-02-20,2024-11-18,,Terminated
NCT100144,Salbutamol,Asthma,Sanofi,2022-10-11,2024-09-25,Phase 4,Completed
NCT100145,Donepezil,Alzheimer's Disease,Moderna,2024-05-21,2024-09-03,,Recruiting
NCT100146,Aspirin,Diabetes,AstraZeneca,2023-11-22,2025-01-20,Phase 2,Recruiting
NCT100147,Salbutamol,Alzheimer's Disease,Moderna,2023-07-12,2025-07-15,Phase 2,Terminated
NCT100148,Remdesivir,Alzheimer's Disease,GSK,2022-12-18,2024-12-30,Phase 4,Completed
NCT100149,Trastuzumab,Breast Cancer,Novartis,2021-01-06,2024-10-04,Phase 3,Recruiting
NCT100150,,Asthma,AstraZeneca,2022-10-20,2025-04-02,Phase 2,Terminated
NCT100151,Metformin,Breast Cancer,AstraZeneca,2020-12-11,2025-01-15,,Terminated
NCT100152,Donepezil,COVID-19,GSK,2022-11-15,2025-02-20,Phase 4,Withdrawn
NCT100153,Trastuzumab,COVID-19,Moderna,2022-03-17,2025-02-03,,Recruiting
NCT100154,Remdesivir,COVID-19,Pfizer,2021-12-19,,,Withdrawn
NCT100155,Metformin,Breast Cancer,AstraZeneca,2023-02-06,2024-12-03,Phase 1,Withdrawn
NCT100156,Aspirin,COVID-19,Sanofi,2024-06-25,2025-04-15,Phase 3,Terminated
NCT100157,,Asthma,Sanofi,2021-02-26,2024-11-25,Phase 2,Completed
NCT100158,Donepezil,Diabetes,Novartis,2023-07-04,2025-05-16,Phase 2,Withdrawn
NCT100159,Aspirin,Diabetes,Moderna,2020-08-28,2024-09-10,Phase 3,Completed
NCT100160,Aspirin,COVID-19,Pfizer,2023-10-12,,,Recruiting
NCT100161,,Hypertension,Pfizer,2023-12-01,2024-10-09,,Recruiting
NCT100162,Trastuzumab,Diabetes,Moderna,2023-02-02,2024-09-06,Phase 1,Recruiting
NCT100163,Salbutamol,Alzheimer's Disease,AstraZeneca,2022-02-25,,Phase 3,Recruiting
NCT100164,Donepezil,Alzheimer's Disease,Pfizer,2022-09-26,2024-11-01,Phase 2,Withdrawn
NCT100165,Metformin,Breast Cancer,GSK,2020-08-14,2025-06-26,Phase 4,Completed
NCT100166,Donepezil,Alzheimer's Disease,GSK,2020-12-08,2025-02-17,Phase 3,Completed
NCT100167,Salbutamol,Hypertension,AstraZeneca,2021-07-23,2024-08-10,Phase 1,Recruiting
NCT100168,Donepezil,Breast Cancer,Novartis,2022-06-06,2024-10-18,Phase 3,Terminated
NCT100169,Metformin,Diabetes,Pfizer,2024-03-30,2024-10-17,Phase 4,Withdrawn
NCT100170,Remdesivir,Asthma,AstraZeneca,2020-11-07,,Phase 2,Completed
NCT100171,Remdesivir,Diabetes,Novartis,2021-04-17,,Phase 3,Completed
NCT100172,Aspirin,COVID-19,GSK,2021-07-16,2025-03-24,Phase 4,Completed
NCT100173,Metformin,Asthma,Pfizer,2020-09-30,2025-05-26,Phase 2,Withdrawn
NCT100174,Remdesivir,Asthma,AstraZeneca,2022-06-15,2024-08-06,,Terminated
NCT100175,Aspirin,Asthma,AstraZeneca,2022-03-05,2025-07-14,Phase 4,Withdrawn
NCT100176,Trastuzumab,Asthma,GSK,2021-11-09,2025-07-07,Phase 4,Completed
NCT100177,Donepezil,COVID-19,Pfizer,2021-01-23,2024-09-11,Phase 4,Withdrawn
NCT100178,Trastuzumab,COVID-19,Pfizer,2020-11-26,2024-10-11,Phase 4,Terminated
NCT100179,Remdesivir,Alzheimer's Disease,Moderna,2021-07-20,2025-06-26,Phase 4,Withdrawn
NCT100180,Donepezil,,AstraZeneca,2023-11-04,2025-06-22,Phase 3,Recruiting
NCT100181,Remdesivir,Breast Cancer,AstraZeneca,2022-11-06,,,Recruiting
NCT100182,Aspirin,Alzheimer's Disease,Sanofi,2021-04-14,2025-02-24,Phase 2,Completed
NCT100183,Metformin,Hypertension,Novartis,2022-05-16,,,Completed
NCT100184,Aspirin,Diabetes,Pfizer,2023-05-15,2025-02-24,Phase 3,Terminated
NCT100185,Salbutamol,Breast Cancer,Novartis,2022-01-15,2025-01-23,Phase 4,Terminated
NCT100186,Remdesivir,COVID-19,AstraZeneca,2022-11-21,2024-10-09,Phase 3,Withdrawn
NCT100187,Metformin,Alzheimer's Disease,Pfizer,2020-11-25,2025-06-17,Phase 3,Completed
NCT100188,Salbutamol,Diabetes,Sanofi,2021-12-02,,,Recruiting
NCT100189,Aspirin,Hypertension,AstraZeneca,2023-11-20,2024-08-11,,Completed
NCT100190,Salbutamol,Hypertension,Pfizer,2021-09-12,,Phase 1,Terminated
NCT100191,Salbutamol,Asthma,Pfizer,2021-04-27,2025-06-18,Phase 3,Completed
NCT100192,Aspirin,Asthma,AstraZeneca,2024-08-01,2025-05-13,Phase 4,Completed
NCT100193,Trastuzumab,Hypertension,Pfizer,2024-07-28,,Phase 2,Withdrawn
NCT100194,Metformin,Breast Cancer,AstraZeneca,2023-02-02,2024-12-29,Phase 1,Recruiting
NCT100195,Remdesivir,Diabetes,AstraZeneca,2021-01-09,2025-04-14,Phase 1,Terminated
NCT100196,Remdesivir,Asthma,GSK,2023-12-10,2024-10-02,,Terminated
NCT100197,Donepezil,Asthma,Moderna,2021-05-04,2024-11-22,,Withdrawn
NCT100198,Trastuzumab,Alzheimer's Disease,Moderna,2023-01-06,2025-01-25,Phase 2,Recruiting
NCT100199,Trastuzumab,Asthma,GSK,2023-11-12,2024-08-31,Phase 4,Recruiting
NCT100200,Salbutamol,Diabetes,AstraZeneca,2021-09-06,2025-03-05,Phase 4,Recruiting
NCT100201,Salbutamol,Hypertension,Novartis,2021-02-17,2025-04-03,,Withdrawn
NCT100202,Salbutamol,Hypertension,GSK,2020-12-10,,Phase 2,Completed
NCT100203,Trastuzumab,Hypertension,Pfizer,2020-08-23,2024-12-19,,Completed
NCT100204,Aspirin,Breast Cancer,Moderna,2022-05-13,2024-09-18,Phase 2,Terminated
NCT100205,Remdesivir,Asthma,Novartis,2023-12-07,2024-09-26,Phase 1,Withdrawn
NCT100206,Aspirin,Hypertension,GSK,2020-11-20,2025-03-16,Phase 4,Terminated
NCT100207,Trastuzumab,Hypertension,Novartis,2021-08-03,2025-02-12,,Completed
NCT100208,Metformin,COVID-19,Sanofi,2020-12-26,2025-05-19,Phase 1,Recruiting
NCT100209,Aspirin,Diabetes,AstraZeneca,2021-04-18,2025-05-28,Phase 4,Recruiting
NCT100210,Remdesivir,Breast Cancer,Pfizer,2020-08-28,2024-09-15,Phase 4,Completed
NCT100211,Metformin,Asthma,Pfizer,2020-10-21,,Phase 1,Terminated
NCT100212,Donepezil,COVID-19,GSK,2021-10-04,2025-02-04,Phase 4,Recruiting
NCT100213,Donepezil,Hypertension,Moderna,2022-04-21,2025-05-16,,Recruiting
NCT100214,Donepezil,Diabetes,Pfizer,2022-12-11,2025-07-27,Phase 4,Completed
NCT100215,Metformin,COVID-19,Pfizer,2023-06-11,,Phase 1,Recruiting
NCT100216,Metformin,COVID-19,Moderna,2024-06-17,,Phase 1,Completed
NCT100217,Aspirin,Alzheimer's Disease,Sanofi,2021-03-14,2024-10-25,Phase 4,Terminated
NCT100218,Metformin,Diabetes,Pfizer,2022-10-29,,Phase 3,Completed
NCT100219,Salbutamol,Breast Cancer,Pfizer,2022-05-15,2025-01-22,,Withdrawn
NCT100220,Remdesivir,Alzheimer's Disease,Novartis,2021-05-18,2025-05-25,Phase 3,Terminated
NCT100221,Remdesivir,Hypertension,Novartis,2022-09-19,2025-07-01,,Terminated
NCT100222,Metformin,Hypertension,GSK,2022-04-13,2025-04-08,Phase 3,Completed
NCT100223,Aspirin,Alzheimer's Disease,Pfizer,2023-05-03,2024-11-07,Phase 2,Recruiting
NCT100224,,Breast Cancer,Pfizer,2024-03-05,2025-07-03,,Completed
NCT100225,Trastuzumab,Asthma,Novartis,2024-01-09,,Phase 3,Withdrawn
NCT100226,Trastuzumab,Alzheimer's Disease,Pfizer,2023-07-08,2024-11-04,,Withdrawn
NCT100227,Aspirin,,Novartis,2022-05-21,2025-02-08,Phase 4,Recruiting
NCT100228,Remdesivir,Diabetes,GSK,2020-08-23,,Phase 4,Completed
NCT100229,Donepezil,Asthma,Pfizer,2020-10-18,2025-06-29,Phase 4,Withdrawn
NCT100230,Aspirin,Alzheimer's Disease,Sanofi,2022-06-18,2024-12-17,Phase 1,Completed
NCT100231,Remdesivir,Breast Cancer,Sanofi,2021-05-07,2025-02-25,Phase 4,Terminated
NCT100232,Metformin,Breast Cancer,GSK,2020-10-29,,,Completed
NCT100233,Salbutamol,Alzheimer's Disease,Pfizer,2024-07-09,2025-06-09,Phase 4,Terminated
NCT100234,Trastuzumab,Breast Cancer,Moderna,2021-10-07,2025-02-10,Phase 2,Completed
NCT100235,Donepezil,Asthma,Pfizer,2023-01-19,2024-08-31,Phase 3,Withdrawn
NCT100236,Metformin,Diabetes,Moderna,2023-11-05,2025-01-07,Phase 3,Terminated
NCT100237,,Diabetes,Novartis,2021-05-22,,Phase 4,Completed
NCT100238,Aspirin,Diabetes,Novartis,2024-07-30,2025-04-24,Phase 4,Recruiting
NCT100239,Remdesivir,COVID-19,GSK,2023-05-20,2025-04-23,Phase 3,Withdrawn
NCT100240,Aspirin,Hypertension,Novartis,2022-05-06,2025-02-25,,Terminated
NCT100241,Trastuzumab,Hypertension,Pfizer,2024-01-29,2025-05-10,Phase 2,Withdrawn
NCT100242,Salbutamol,Breast Cancer,Sanofi,2020-12-03,2025-05-01,,Terminated
NCT100243,Donepezil,Diabetes,Novartis,2023-12-31,2025-05-30,,Recruiting
NCT100244,Salbutamol,Breast Cancer,Sanofi,2023-01-25,2024-12-17,,Recruiting
NCT100245,Remdesivir,COVID-19,Sanofi,2021-04-07,2025-03-24,Phase 3,Withdrawn
NCT100246,Donepezil,Asthma,Pfizer,2022-12-25,,Phase 2,Completed
NCT100247,Donepezil,Breast Cancer,Pfizer,2021-09-22,2024-08-28,Phase 4,Terminated
NCT100248,Aspirin,COVID-19,Pfizer,2021-07-14,2024-09-14,Phase 4,Withdrawn
NCT100249,Donepezil,Breast Cancer,GSK,2021-10-09,2025-02-24,Phase 2,Terminated
NCT100250,Trastuzumab,Breast Cancer,Moderna,2021-12-06,2024-12-31,Phase 2,Withdrawn
NCT100251,Metformin,Breast Cancer,Sanofi,2022-08-30,2024-09-29,,Completed
NCT100252,Donepezil,Alzheimer's Disease,Moderna,2022-09-12,2025-06-11,,Completed
NCT100253,Aspirin,COVID-19,AstraZeneca,2023-06-25,2025-02-22,Phase 3,Completed
NCT100254,Trastuzumab,COVID-19,Sanofi,2023-10-05,2024-10-06,Phase 4,Withdrawn
NCT100255,Metformin,Alzheimer's Disease,Moderna,2022-09-02,2024-12-30,Phase 4,Completed
NCT100256,Metformin,COVID-19,Novartis,2022-05-15,2024-09-14,Phase 3,Completed
NCT100257,Remdesivir,Hypertension,Pfizer,2022-11-30,2025-05-13,Phase 2,Completed
NCT100258,Aspirin,Diabetes,Pfizer,2021-08-20,2024-11-27,Phase 2,Withdrawn
NCT100259,Trastuzumab,Breast Cancer,Novartis,2022-04-26,2025-02-21,Phase 2,Terminated
NCT100260,Aspirin,,Pfizer,2022-04-03,2024-09-01,Phase 3,Recruiting
NCT100261,Trastuzumab,Diabetes,Moderna,2020-10-17,2024-09-30,,Terminated
NCT100262,Metformin,Hypertension,AstraZeneca,2024-03-19,2025-03-11,Phase 2,Withdrawn
NCT100263,Metformin,Diabetes,GSK,2020-11-15,2024-10-27,Phase 4,Completed
NCT100264,Salbutamol,Diabetes,Novartis,2020-09-19,2024-09-11,Phase 3,Recruiting
NCT100265,Remdesivir,Breast Cancer,AstraZeneca,2023-01-01,2025-05-21,Phase 4,Terminated
NCT100266,Aspirin,Alzheimer's Disease,Pfizer,2020-09-01,,Phase 2,Recruiting
NCT100267,Donepezil,Asthma,Moderna,2023-05-13,2024-10-30,Phase 4,Recruiting
NCT100268,Remdesivir,Asthma,AstraZeneca,2020-12-30,2025-04-21,Phase 4,Withdrawn
NCT100269,Trastuzumab,Diabetes,Pfizer,2021-09-25,2025-07-07,,Terminated
NCT100270,Trastuzumab,Asthma,GSK,2023-12-10,,Phase 2,Recruiting
NCT100271,Salbutamol,Hypertension,Sanofi,2023-01-17,2024-09-30,Phase 4,Withdrawn
NCT100272,Donepezil,,GSK,2021-01-07,,Phase 3,Completed
NCT100273,Trastuzumab,Asthma,Moderna,2021-02-16,2024-10-20,Phase 2,Recruiting
NCT100274,Remdesivir,Alzheimer's Disease,Pfizer,2021-05-14,,Phase 2,Withdrawn
NCT100275,Trastuzumab,Alzheimer's Disease,Moderna,2023-07-14,,Phase 3,Recruiting
NCT100276,Donepezil,COVID-19,GSK,2021-05-14,2025-07-15,Phase 3,Withdrawn
NCT100277,Aspirin,Hypertension,Novartis,2021-03-08,,Phase 1,Withdrawn
NCT100278,,Hypertension,Pfizer,2021-12-12,,Phase 1,Recruiting
NCT100279,,Asthma,Novartis,2024-03-28,,,Recruiting
NCT100280,Salbutamol,Diabetes,Pfizer,2020-08-08,2025-04-27,Phase 2,Terminated
NCT100281,Metformin,Diabetes,GSK,2021-11-28,2025-07-05,Phase 4,Withdrawn
NCT100282,Metformin,Diabetes,Sanofi,2022-03-10,,Phase 2,Terminated
NCT100283,Salbutamol,Breast Cancer,Novartis,2023-03-30,2025-01-18,Phase 1,Recruiting
NCT100284,Remdesivir,Alzheimer's Disease,GSK,2020-12-09,2025-05-31,Phase 2,Withdrawn
NCT100285,Salbutamol,Hypertension,Sanofi,2022-12-14,,Phase 4,Terminated
NCT100286,Salbutamol,COVID-19,Moderna,2022-01-14,2024-08-20,Phase 1,Withdrawn
NCT100287,Remdesivir,Alzheimer's Disease,Sanofi,2021-09-18,2025-01-10,Phase 2,Terminated
NCT100288,Trastuzumab,Diabetes,Pfizer,2021-07-11,2024-12-14,Phase 4,Withdrawn
NCT100289,Remdesivir,Asthma,Pfizer,2024-07-01,2025-06-06,Phase 1,Recruiting
NCT100290,Salbutamol,Hypertension,Moderna,2023-11-18,2024-12-24,Phase 1,Recruiting
NCT100291,Trastuzumab,Alzheimer's Disease,Sanofi,2022-06-21,2024-12-19,,Terminated
NCT100292,Metformin,Breast Cancer,Moderna,2023-07-17,2025-01-15,,Completed
NCT100293,Remdesivir,Breast Cancer,Sanofi,2021-11-27,2025-03-17,Phase 4,Recruiting
NCT100294,Trastuzumab,COVID-19,Novartis,2022-09-05,2025-02-01,Phase 3,Withdrawn
NCT100295,Trastuzumab,COVID-19,Moderna,2022-01-28,2024-10-07,Phase 1,Completed
NCT100296,Aspirin,Breast Cancer,Pfizer,2020-08-06,2025-07-03,Phase 4,Withdrawn
NCT100297,Salbutamol,Hypertension,GSK,2022-11-19,2025-07-31,Phase 4,Withdrawn
NCT100298,Aspirin,Breast Cancer,GSK,2020-08-14,2024-12-06,,Withdrawn
NCT100299,Remdesivir,Hypertension,GSK,2021-06-28,2024-10-04,,Recruiting
NCT100300,Metformin,Alzheimer's Disease,AstraZeneca,2022-02-18,,Phase 3,Completed
NCT100301,Donepezil,Asthma,Moderna,2024-03-22,,Phase 3,Completed
NCT100302,Aspirin,Asthma,Pfizer,2024-05-20,2025-07-25,Phase 3,Completed
NCT100303,Salbutamol,COVID-19,AstraZeneca,2024-01-03,2025-05-06,Phase 4,Terminated
NCT100304,Salbutamol,Alzheimer's Disease,AstraZeneca,2024-02-15,,Phase 4,Terminated
NCT100305,Salbutamol,Breast Cancer,AstraZeneca,2022-04-11,2025-02-07,,Completed
NCT100306,Donepezil,Alzheimer's Disease,GSK,2022-07-05,2024-08-20,Phase 2,Terminated
NCT100307,Salbutamol,Diabetes,Moderna,2024-06-30,2025-06-28,Phase 4,Completed
NCT100308,Remdesivir,Alzheimer's Disease,Novartis,2023-06-22,2025-05-05,Phase 4,Recruiting
NCT100309,Salbutamol,COVID-19,Pfizer,2021-11-11,2025-05-23,,Withdrawn
NCT100310,Metformin,COVID-19,Sanofi,2021-01-21,2025-07-24,Phase 1,Recruiting
NCT100311,Aspirin,Hypertension,Sanofi,2021-06-06,2025-05-20,Phase 4,Withdrawn
NCT100312,Metformin,Hypertension,AstraZeneca,2021-12-01,2025-07-17,Phase 2,Recruiting
NCT100313,Donepezil,Hypertension,Novartis,2024-06-02,2024-09-06,Phase 1,Terminated
NCT100314,Donepezil,Diabetes,Pfizer,2021-09-30,2025-07-09,,Recruiting
NCT100315,Salbutamol,Diabetes,Novartis,2021-02-21,2025-01-16,Phase 1,Completed
NCT100316,,Asthma,Pfizer,2021-09-17,2025-02-08,,Completed
NCT100317,Donepezil,COVID-19,Novartis,2023-10-20,2024-09-19,,Completed
NCT100318,Remdesivir,Hypertension,AstraZeneca,2021-10-22,2024-11-02,Phase 3,Completed
NCT100319,Metformin,Hypertension,Moderna,2021-10-12,2025-05-08,Phase 1,Withdrawn
NCT100320,Remdesivir,Alzheimer's Disease,GSK,2024-03-07,2025-05-14,Phase 4,Recruiting
NCT100321,Remdesivir,Hypertension,Novartis,2023-02-07,2024-09-16,Phase 1,Recruiting
NCT100322,Donepezil,COVID-19,AstraZeneca,2023-07-26,2025-01-22,Phase 1,Terminated
NCT100323,Remdesivir,Hypertension,GSK,2021-02-17,2025-03-04,Phase 4,Completed
NCT100324,Salbutamol,Hypertension,AstraZeneca,2022-03-01,2024-09-23,Phase 1,Completed
NCT100325,Salbutamol,Alzheimer's Disease,GSK,2022-05-10,2024-08-09,Phase 2,Withdrawn
NCT100326,Remdesivir,COVID-19,Moderna,2021-08-21,2025-05-15,Phase 3,Terminated
NCT100327,Aspirin,Asthma,AstraZeneca,2022-01-21,2024-12-09,Phase 4,Recruiting
NCT100328,Aspirin,COVID-19,AstraZeneca,2021-11-27,2024-12-19,Phase 1,Completed
NCT100329,Salbutamol,Diabetes,Novartis,2022-12-11,2025-02-22,Phase 2,Terminated
NCT100330,Metformin,,Sanofi,2021-05-23,,Phase 3,Completed
NCT100331,Trastuzumab,,Novartis,2024-04-30,,Phase 4,Terminated
NCT100332,Aspirin,Alzheimer's Disease,AstraZeneca,2020-10-28,2025-05-12,Phase 4,Terminated
NCT100333,Metformin,COVID-19,Sanofi,2021-09-27,,Phase 2,Completed
NCT100334,Trastuzumab,COVID-19,GSK,2022-08-24,2024-10-20,Phase 2,Recruiting
NCT100335,Trastuzumab,COVID-19,GSK,2021-03-12,2024-10-04,Phase 4,Withdrawn
NCT100336,Remdesivir,Hypertension,AstraZeneca,2022-02-17,2025-02-10,Phase 2,Recruiting
NCT100337,Aspirin,Diabetes,Sanofi,2021-10-20,,Phase 4,Withdrawn
NCT100338,Metformin,Alzheimer's Disease,GSK,2024-06-22,,Phase 3,Recruiting
NCT100339,Salbutamol,Breast Cancer,Novartis,2022-09-02,2025-07-05,Phase 3,Completed
NCT100340,Salbutamol,Alzheimer's Disease,Sanofi,2023-07-06,2025-04-13,Phase 4,Withdrawn
NCT100341,Trastuzumab,Alzheimer's Disease,Novartis,2024-06-28,2024-11-15,,Completed
NCT100342,Remdesivir,Hypertension,Novartis,2023-05-05,2025-07-17,Phase 1,Terminated
NCT100343,Salbutamol,Alzheimer's Disease,Novartis,2021-01-26,2024-08-11,Phase 4,Completed
NCT100344,Aspirin,Breast Cancer,Sanofi,2021-10-12,2025-01-06,Phase 1,Completed
NCT100345,Donepezil,COVID-19,Sanofi,2021-06-30,2024-09-03,Phase 4,Recruiting
NCT100346,Salbutamol,COVID-19,GSK,2022-11-25,2024-11-23,Phase 1,Terminated
NCT100347,Donepezil,Breast Cancer,Moderna,2020-10-21,,Phase 1,Withdrawn
NCT100348,,Breast Cancer,Sanofi,2021-07-26,,,Withdrawn
NCT100349,Donepezil,Hypertension,Moderna,2022-03-16,2024-10-12,,Completed
NCT100350,Metformin,Alzheimer's Disease,GSK,2021-07-14,,,Withdrawn
NCT100351,Trastuzumab,Asthma,Moderna,2024-02-25,2024-11-15,Phase 1,Completed
NCT100352,Salbutamol,Hypertension,Sanofi,2022-12-05,2025-04-03,Phase 4,Recruiting
NCT100353,,Diabetes,AstraZeneca,2022-01-11,2025-03-03,Phase 3,Terminated
NCT100354,Salbutamol,Breast Cancer,Pfizer,2022-09-23,2025-04-22,Phase 2,Terminated
NCT100355,Remdesivir,COVID-19,GSK,2021-03-28,2024-09-23,Phase 1,Completed
NCT100356,Trastuzumab,Asthma,Pfizer,2023-08-27,2024-11-23,Phase 2,Terminated
NCT100357,Trastuzumab,Hypertension,AstraZeneca,2022-12-15,2024-10-25,Phase 3,Withdrawn
NCT100358,Remdesivir,Breast Cancer,Pfizer,2023-03-25,,Phase 2,Withdrawn
NCT100359,Metformin,Alzheimer's Disease,AstraZeneca,2021-01-19,2025-04-26,Phase 4,Withdrawn
NCT100360,Donepezil,Asthma,Moderna,2021-06-19,2025-06-18,Phase 2,Terminated
NCT100361,Remdesivir,Alzheimer's Disease,Moderna,2021-06-28,2024-12-10,Phase 2,Withdrawn
NCT100362,Aspirin,Diabetes,Novartis,2022-11-26,2024-12-09,Phase 1,Withdrawn
NCT100363,Salbutamol,Breast Cancer,GSK,2023-05-25,,Phase 2,Completed
NCT100364,Remdesivir,Diabetes,GSK,2024-03-16,2024-11-08,Phase 2,Recruiting
NCT100365,Donepezil,Diabetes,Moderna,2022-09-12,,,Terminated
NCT100366,Metformin,Alzheimer's Disease,AstraZeneca,2021-07-08,2024-09-29,Phase 3,Recruiting
NCT100367,Remdesivir,Alzheimer's Disease,AstraZeneca,2021-11-12,2025-06-17,Phase 4,Completed
NCT100368,Remdesivir,Breast Cancer,Pfizer,2021-03-15,,,Recruiting
NCT100369,Trastuzumab,COVID-19,Novartis,2021-09-07,2025-07-04,,Completed
NCT100370,Salbutamol,Alzheimer's Disease,AstraZeneca,2022-10-30,2025-08-03,Phase 3,Recruiting
NCT100371,Trastuzumab,Breast Cancer,GSK,2024-01-08,,Phase 1,Terminated
NCT100372,Salbutamol,Hypertension,Novartis,2022-05-06,2025-06-12,Phase 3,Recruiting
NCT100373,Remdesivir,Alzheimer's Disease,GSK,2023-05-27,2024-09-16,Phase 2,Completed
NCT100374,Aspirin,Hypertension,Pfizer,2021-02-10,2025-05-09,Phase 3,Withdrawn
NCT100375,,Hypertension,GSK,2023-12-18,2025-06-18,Phase 2,Completed
NCT100376,Metformin,COVID-19,Pfizer,2020-12-08,2025-08-05,Phase 1,Withdrawn
NCT100377,Trastuzumab,Alzheimer's Disease,Moderna,2024-06-07,2024-12-22,Phase 1,Withdrawn
NCT100378,Trastuzumab,Breast Cancer,AstraZeneca,2021-10-23,2024-10-20,Phase 2,Terminated
NCT100379,Aspirin,Diabetes,GSK,2024-07-15,,Phase 2,Withdrawn
NCT100380,Metformin,Diabetes,GSK,2021-07-18,2024-12-01,Phase 2,Withdrawn
NCT100381,Trastuzumab,COVID-19,Novartis,2022-09-30,,Phase 1,Completed
NCT100382,Metformin,Hypertension,Sanofi,2023-06-04,2025-01-11,Phase 1,Terminated
NCT100383,Donepezil,Diabetes,AstraZeneca,2024-03-28,2025-01-23,Phase 4,Completed
NCT100384,Trastuzumab,Hypertension,Sanofi,2023-05-08,2024-12-14,Phase 2,Completed
NCT100385,Remdesivir,Asthma,Novartis,2022-06-01,2025-04-18,Phase 3,Withdrawn
NCT100386,Salbutamol,Hypertension,AstraZeneca,2023-03-14,2025-06-19,Phase 4,Withdrawn
NCT100387,Remdesivir,Breast Cancer,AstraZeneca,2021-08-24,2024-10-09,,Recruiting
NCT100388,Metformin,Asthma,Sanofi,2022-08-15,2024-10-02,Phase 1,Completed
NCT100389,Remdesivir,,Moderna,2021-11-17,,Phase 1,Withdrawn
NCT100390,Metformin,COVID-19,AstraZeneca,2020-10-31,,,Terminated
NCT100391,Salbutamol,Breast Cancer,Sanofi,2022-04-10,2024-10-15,Phase 2,Withdrawn
NCT100392,Donepezil,Diabetes,Moderna,2022-04-04,2025-03-21,,Completed
NCT100393,Remdesivir,COVID-19,GSK,2023-07-19,2025-06-30,Phase 4,Recruiting
NCT100394,Donepezil,Alzheimer's Disease,Sanofi,2023-08-16,2025-05-29,Phase 2,Recruiting
NCT100395,Remdesivir,Diabetes,Sanofi,2021-05-14,2025-07-30,Phase 4,Recruiting
NCT100396,Aspirin,Diabetes,Moderna,2021-10-09,,Phase 3,Recruiting
NCT100397,Metformin,Asthma,AstraZeneca,2023-06-22,2025-06-15,,Terminated
NCT100398,Aspirin,,Sanofi,2023-03-17,2025-07-20,Phase 3,Terminated
NCT100399,Aspirin,Alzheimer's Disease,GSK,2021-12-29,2025-07-06,,Recruiting
NCT100400,,Asthma,Moderna,2022-07-18,2025-01-02,Phase 1,Completed
NCT100401,Donepezil,Asthma,AstraZeneca,2024-08-02,2024-08-21,Phase 1,Withdrawn
NCT100402,Salbutamol,Asthma,Pfizer,2024-02-11,2025-03-26,,Completed
NCT100403,,Breast Cancer,Novartis,2021-01-02,,Phase 3,Terminated
NCT100404,Salbutamol,Alzheimer's Disease,GSK,2021-06-09,2025-07-12,Phase 1,Withdrawn
NCT100405,Salbutamol,COVID-19,AstraZeneca,2022-04-14,2024-09-05,Phase 1,Recruiting
NCT100406,Aspirin,Hypertension,Sanofi,2022-12-29,,Phase 2,Completed
NCT100407,Remdesivir,Diabetes,Pfizer,2023-05-17,2024-10-10,Phase 2,Recruiting
NCT100408,Metformin,Diabetes,Novartis,2020-11-03,2025-07-02,,Withdrawn
NCT100409,Remdesivir,Hypertension,AstraZeneca,2022-04-10,2025-03-14,,Withdrawn
NCT100410,Remdesivir,Diabetes,Pfizer,2023-05-26,2025-02-28,Phase 1,Completed
NCT100411,Donepezil,Diabetes,Novartis,2022-12-16,2025-03-11,Phase 1,Completed
NCT100412,Donepezil,Diabetes,Novartis,2023-07-22,,Phase 2,Terminated
NCT100413,Metformin,Diabetes,Sanofi,2024-03-18,2025-02-27,,Withdrawn
NCT100414,Salbutamol,Alzheimer's Disease,Moderna,2021-09-14,2025-01-16,Phase 1,Completed
NCT100415,Salbutamol,Alzheimer's Disease,Moderna,2022-06-05,,Phase 3,Recruiting
NCT100416,Metformin,Hypertension,GSK,2023-06-24,2025-01-24,Phase 3,Terminated
NCT100417,Metformin,,AstraZeneca,2022-06-06,,Phase 4,Completed
NCT100418,Trastuzumab,Alzheimer's Disease,Moderna,2022-06-05,2025-02-11,,Recruiting
NCT100419,Donepezil,Asthma,Novartis,2023-08-31,2024-10-03,Phase 1,Terminated
NCT100420,Aspirin,Breast Cancer,Moderna,2024-05-16,2025-08-02,,Terminated
NCT100421,Trastuzumab,Hypertension,AstraZeneca,2024-02-02,,Phase 4,Completed
NCT100422,Trastuzumab,Alzheimer's Disease,Sanofi,2021-11-03,2025-02-28,,Terminated
NCT100423,Trastuzumab,Diabetes,Sanofi,2023-03-31,2024-10-21,Phase 1,Completed
NCT100424,Salbutamol,Alzheimer's Disease,Novartis,2022-03-14,,Phase 4,Terminated
NCT100425,Trastuzumab,COVID-19,Pfizer,2022-07-04,2025-03-06,Phase 2,Recruiting
NCT100426,Trastuzumab,Asthma,Novartis,2024-05-12,2025-01-17,,Recruiting
NCT100427,Donepezil,Asthma,AstraZeneca,2022-07-31,2025-06-30,Phase 2,Completed
NCT100428,Salbutamol,Diabetes,Novartis,2021-06-01,2024-09-22,Phase 3,Completed
NCT100429,Aspirin,COVID-19,GSK,2022-01-22,2025-04-13,,Terminated
NCT100430,Metformin,Asthma,GSK,2023-12-22,,,Completed
NCT100431,Salbutamol,Asthma,Novartis,2024-07-09,2024-11-02,Phase 2,Withdrawn
NCT100432,Remdesivir,Asthma,AstraZeneca,2022-03-26,2025-07-27,,Terminated
NCT100433,Metformin,Diabetes,Moderna,2022-10-31,2025-04-21,Phase 4,Terminated
NCT100434,Trastuzumab,Breast Cancer,Sanofi,2023-01-04,2025-06-17,Phase 3,Recruiting
NCT100435,Salbutamol,COVID-19,Pfizer,2021-06-25,2025-02-28,Phase 1,Completed
NCT100436,Metformin,Hypertension,Sanofi,2022-08-03,2025-05-31,Phase 4,Recruiting
NCT100437,Trastuzumab,Breast Cancer,Moderna,2020-10-26,,,Completed
NCT100438,Metformin,Breast Cancer,Moderna,2021-04-16,2024-11-11,,Recruiting
NCT100439,Trastuzumab,COVID-19,Pfizer,2024-04-12,2025-01-17,,Recruiting
NCT100440,Remdesivir,Asthma,Moderna,2022-11-07,2025-05-28,Phase 1,Terminated
NCT100441,Aspirin,Diabetes,Pfizer,2024-05-08,2024-10-16,Phase 4,Recruiting
NCT100442,Metformin,Asthma,Sanofi,2020-12-21,2025-07-22,Phase 4,Completed
NCT100443,Donepezil,Diabetes,Moderna,2022-10-21,2025-03-08,Phase 3,Terminated
NCT100444,Salbutamol,Alzheimer's Disease,Pfizer,2022-06-08,2025-05-24,Phase 1,Recruiting
NCT100445,Aspirin,Alzheimer's Disease,AstraZeneca,2022-01-11,,Phase 2,Terminated
NCT100446,Aspirin,Breast Cancer,AstraZeneca,2023-04-01,2025-03-25,Phase 4,Recruiting
NCT100447,Remdesivir,,Novartis,2022-08-13,2025-03-29,Phase 4,Recruiting
NCT100448,Donepezil,Alzheimer's Disease,GSK,2023-04-23,2024-09-16,,Completed
NCT100449,Donepezil,Alzheimer's Disease,Novartis,2023-01-01,,Phase 3,Completed
NCT100450,Salbutamol,Hypertension,Novartis,2023-12-26,2024-10-30,Phase 2,Recruiting
NCT100451,Salbutamol,Hypertension,Pfizer,2022-04-06,2025-06-05,,Terminated
NCT100452,Metformin,Asthma,Pfizer,2020-10-31,2025-07-03,Phase 2,Terminated
NCT100453,Metformin,COVID-19,Pfizer,2023-02-24,,Phase 4,Withdrawn
NCT100454,Remdesivir,Alzheimer's Disease,Pfizer,2021-12-13,2024-12-27,Phase 4,Completed
NCT100455,Remdesivir,COVID-19,GSK,2021-04-23,2025-01-18,Phase 1,Terminated
NCT100456,Donepezil,Asthma,AstraZeneca,2024-02-09,,,Completed
NCT100457,Aspirin,Breast Cancer,Sanofi,2020-12-11,2024-11-22,Phase 2,Withdrawn
NCT100458,Remdesivir,COVID-19,GSK,2022-12-31,2025-03-30,Phase 4,Completed
NCT100459,Salbutamol,COVID-19,Sanofi,2022-03-01,2025-01-14,Phase 3,Terminated
NCT100460,Metformin,Breast Cancer,Sanofi,2024-03-03,2025-02-10,Phase 2,Withdrawn
NCT100461,Remdesivir,Breast Cancer,Pfizer,2022-11-01,2025-06-24,Phase 3,Completed
NCT100462,Trastuzumab,Asthma,Pfizer,2021-08-16,2025-04-05,Phase 1,Terminated
NCT100463,Remdesivir,Alzheimer's Disease,Novartis,2024-06-04,,Phase 2,Recruiting
NCT100464,Salbutamol,Diabetes,Novartis,2021-12-15,2025-06-26,,Withdrawn
NCT100465,Donepezil,COVID-19,Novartis,2022-07-13,2025-03-15,,Completed
NCT100466,Salbutamol,Alzheimer's Disease,Pfizer,2020-09-20,2025-04-02,Phase 2,Withdrawn
NCT100467,Trastuzumab,Alzheimer's Disease,Novartis,2022-06-03,2024-12-14,Phase 3,Completed
NCT100468,Salbutamol,Asthma,Pfizer,2021-08-19,2024-12-19,,Recruiting
NCT100469,Trastuzumab,Breast Cancer,GSK,2024-01-05,2025-06-11,Phase 4,Recruiting
NCT100470,Remdesivir,Hypertension,Moderna,2023-11-22,2024-12-09,,Terminated
NCT100471,Trastuzumab,COVID-19,AstraZeneca,2021-05-11,2024-09-22,Phase 1,Completed
NCT100472,Donepezil,Asthma,Sanofi,2024-04-17,2025-06-20,Phase 1,Recruiting
NCT100473,Donepezil,Breast Cancer,Sanofi,2020-10-09,2025-05-22,,Recruiting
NCT100474,Donepezil,COVID-19,AstraZeneca,2022-06-12,2024-11-22,Phase 3,Recruiting
NCT100475,Aspirin,Diabetes,Sanofi,2021-01-29,2024-09-14,Phase 4,Recruiting
NCT100476,Salbutamol,COVID-19,Pfizer,2024-01-25,2025-02-06,Phase 1,Terminated
NCT100477,Salbutamol,Asthma,Sanofi,2023-05-18,,Phase 4,Recruiting
NCT100478,Donepezil,Alzheimer's Disease,AstraZeneca,2022-10-01,2025-05-16,Phase 4,Terminated
NCT100479,Metformin,Breast Cancer,AstraZeneca,2020-10-03,2025-08-05,Phase 3,Completed
NCT100480,Donepezil,Hypertension,Pfizer,2021-11-10,2025-06-12,Phase 3,Terminated
NCT100481,Trastuzumab,Asthma,Moderna,2022-05-12,2024-09-28,Phase 4,Completed
NCT100482,Salbutamol,Hypertension,Pfizer,2020-08-07,,Phase 3,Terminated
NCT100483,Metformin,Alzheimer's Disease,GSK,2021-09-26,2024-09-15,Phase 1,Terminated
NCT100484,Salbutamol,Diabetes,AstraZeneca,2020-08-08,2025-04-16,Phase 4,Completed
NCT100485,Donepezil,Alzheimer's Disease,Novartis,2021-12-27,2025-06-18,,Completed
NCT100486,Trastuzumab,Asthma,AstraZeneca,2022-10-17,,Phase 2,Terminated
NCT100487,Metformin,COVID-19,Sanofi,2021-05-28,2025-03-23,Phase 1,Terminated
NCT100488,Salbutamol,Asthma,AstraZeneca,2021-05-21,2025-01-15,,Recruiting
NCT100489,Trastuzumab,Asthma,Sanofi,2023-02-11,,Phase 4,Completed
NCT100490,Donepezil,Hypertension,Pfizer,2021-10-19,2025-07-14,Phase 3,Withdrawn
NCT100491,Salbutamol,Alzheimer's Disease,Pfizer,2022-01-26,2025-06-08,Phase 1,Terminated
NCT100492,Metformin,Asthma,Novartis,2021-01-16,2024-08-09,Phase 2,Recruiting
NCT100493,Metformin,Diabetes,Sanofi,2023-07-01,,,Completed
NCT100494,Salbutamol,Alzheimer's Disease,Novartis,2021-02-25,2024-10-26,Phase 3,Terminated
NCT100495,Trastuzumab,Asthma,Novartis,2020-12-15,2024-10-17,Phase 4,Terminated
NCT100496,Salbutamol,Breast Cancer,Moderna,2020-08-10,2024-10-06,Phase 1,Recruiting
NCT100497,Salbutamol,COVID-19,Pfizer,2024-03-19,2025-05-18,Phase 1,Recruiting
NCT100498,Aspirin,COVID-19,Novartis,2024-05-27,2025-02-16,Phase 2,Recruiting
NCT100499,Trastuzumab,COVID-19,Pfizer,2022-10-24,2024-09-21,,Terminated
NCT100500,Remdesivir,Hypertension,AstraZeneca,2022-04-21,,,Withdrawn
NCT100501,Remdesivir,COVID-19,AstraZeneca,2024-08-01,2025-03-19,,Withdrawn
NCT100502,Metformin,Alzheimer's Disease,Sanofi,2022-04-07,2025-05-04,Phase 4,Terminated
NCT100503,Aspirin,Hypertension,GSK,2022-03-03,2024-11-04,Phase 4,Completed
NCT100504,,Hypertension,AstraZeneca,2021-11-23,2024-09-22,Phase 3,Terminated
NCT100505,Metformin,Diabetes,GSK,2022-12-08,2025-07-08,Phase 1,Withdrawn
NCT100506,Remdesivir,Asthma,Pfizer,2023-09-07,2024-12-14,Phase 1,Withdrawn
NCT100507,,COVID-19,Novartis,2021-06-18,2025-02-14,Phase 3,Recruiting
NCT100508,Aspirin,COVID-19,Sanofi,2024-03-23,,Phase 3,Completed
NCT100509,Metformin,Breast Cancer,Pfizer,2021-09-11,2025-03-25,Phase 3,Recruiting
NCT100510,Donepezil,,GSK,2022-02-10,2025-04-28,Phase 1,Terminated
NCT100511,Trastuzumab,Diabetes,Novartis,2023-03-07,2024-09-11,,Completed
NCT100512,Remdesivir,Alzheimer's Disease,Sanofi,2022-03-11,2024-08-10,Phase 2,Withdrawn
NCT100513,Donepezil,Asthma,Sanofi,2023-11-24,2025-03-12,,Terminated
NCT100514,Donepezil,Alzheimer's Disease,Pfizer,2023-07-10,2024-08-11,Phase 4,Recruiting
NCT100515,Remdesivir,Asthma,Moderna,2022-10-22,2025-05-23,Phase 3,Completed
NCT100516,Metformin,Breast Cancer,Novartis,2023-04-13,2024-11-29,Phase 3,Withdrawn
NCT100517,Metformin,Asthma,Sanofi,2022-02-26,2025-02-24,Phase 4,Recruiting
NCT100518,Salbutamol,COVID-19,AstraZeneca,2024-06-17,,Phase 1,Withdrawn
NCT100519,Salbutamol,Hypertension,Sanofi,2020-11-09,2024-12-05,,Recruiting
NCT100520,Aspirin,Asthma,AstraZeneca,2023-05-21,2024-08-09,Phase 1,Terminated
NCT100521,Salbutamol,COVID-19,Sanofi,2022-01-29,2024-09-18,Phase 1,Withdrawn
NCT100522,Trastuzumab,Hypertension,GSK,2023-04-11,,,Withdrawn
NCT100523,Remdesivir,Alzheimer's Disease,GSK,2023-08-25,,Phase 1,Recruiting
NCT100524,Trastuzumab,Alzheimer's Disease,AstraZeneca,2021-01-17,2024-12-17,Phase 4,Terminated
NCT100525,Aspirin,,Pfizer,2022-06-25,,Phase 4,Completed
NCT100526,Remdesivir,,Novartis,2022-01-29,2024-10-13,Phase 3,Terminated
NCT100527,Aspirin,Diabetes,Novartis,2021-10-22,,Phase 1,Recruiting
NCT100528,Metformin,COVID-19,Sanofi,2022-02-26,2025-05-25,Phase 3,Withdrawn
NCT100529,Aspirin,Asthma,AstraZeneca,2021-05-16,2025-01-30,Phase 4,Recruiting
NCT100530,,Diabetes,GSK,2020-11-12,2024-10-08,,Completed
NCT100531,Aspirin,Breast Cancer,AstraZeneca,2022-07-28,2024-11-13,Phase 4,Withdrawn
NCT100532,Trastuzumab,Hypertension,Novartis,2024-06-24,,Phase 2,Terminated
NCT100533,Salbutamol,Hypertension,Novartis,2023-11-12,,Phase 4,Recruiting
NCT100534,Metformin,Alzheimer's Disease,Pfizer,2023-02-06,2024-12-12,,Withdrawn
NCT100535,Remdesivir,Breast Cancer,Pfizer,2024-05-17,2025-07-14,Phase 1,Recruiting
NCT100536,Aspirin,Alzheimer's Disease,Pfizer,2022-07-15,2024-10-12,Phase 4,Terminated
NCT100537,Remdesivir,Breast Cancer,GSK,2024-03-05,2025-01-30,Phase 1,Terminated
NCT100538,Metformin,Alzheimer's Disease,AstraZeneca,2022-12-06,,Phase 2,Recruiting
NCT100539,Aspirin,Breast Cancer,Moderna,2023-11-13,,Phase 3,Recruiting
NCT100540,Aspirin,Breast Cancer,Novartis,2023-03-13,,Phase 4,Completed
NCT100541,Remdesivir,Breast Cancer,Moderna,2022-10-10,2025-04-30,Phase 4,Withdrawn
NCT100542,Aspirin,COVID-19,Sanofi,2024-04-24,2025-02-16,,Terminated
NCT100543,Metformin,COVID-19,Novartis,2021-10-09,2024-09-11,Phase 1,Withdrawn
NCT100544,Trastuzumab,Alzheimer's Disease,GSK,2020-10-31,2024-10-29,Phase 4,Recruiting
NCT100545,Trastuzumab,Breast Cancer,Pfizer,2022-08-16,,Phase 3,Completed
NCT100546,Trastuzumab,Alzheimer's Disease,GSK,2021-11-01,2025-06-01,Phase 2,Withdrawn
NCT100547,Remdesivir,,Moderna,2024-04-07,2025-06-17,,Recruiting
NCT100548,Metformin,Breast Cancer,Pfizer,2021-04-16,2024-10-30,Phase 3,Completed
NCT100549,Metformin,Alzheimer's Disease,Pfizer,2021-11-29,2025-05-29,Phase 2,Completed
NCT100550,Remdesivir,Breast Cancer,Novartis,2024-06-19,2025-01-09,Phase 3,Completed
NCT100551,Aspirin,COVID-19,Pfizer,2021-07-15,2024-11-02,Phase 2,Completed
NCT100552,Metformin,COVID-19,Novartis,2021-06-30,2025-05-18,Phase 3,Recruiting
NCT100553,Remdesivir,Asthma,Moderna,2020-11-16,2024-08-15,Phase 2,Completed
NCT100554,Metformin,Breast Cancer,Novartis,2022-04-08,2025-07-22,Phase 2,Recruiting
NCT100555,Remdesivir,Hypertension,GSK,2022-09-11,2025-04-26,Phase 3,Terminated
NCT100556,Remdesivir,Alzheimer's Disease,Moderna,2023-04-22,2025-05-31,,Completed
NCT100557,Donepezil,Breast Cancer,GSK,2023-02-25,2025-02-08,Phase 3,Withdrawn
NCT100558,Donepezil,Alzheimer's Disease,AstraZeneca,2023-11-03,,Phase 2,Recruiting
NCT100559,Salbutamol,Diabetes,Sanofi,2022-05-25,2025-08-03,,Withdrawn
NCT100560,Salbutamol,Hypertension,AstraZeneca,2021-04-23,2024-08-13,Phase 4,Withdrawn
NCT100561,Remdesivir,Breast Cancer,Novartis,2024-07-01,2025-04-10,Phase 1,Completed
NCT100562,Metformin,Asthma,Pfizer,2020-12-26,2025-03-31,,Terminated
NCT100563,Trastuzumab,Breast Cancer,GSK,2021-12-10,,,Terminated
NCT100564,Trastuzumab,,AstraZeneca,2022-04-13,2025-03-04,Phase 4,Recruiting
NCT100565,Salbutamol,Breast Cancer,Pfizer,2020-12-01,2025-01-29,Phase 3,Terminated
NCT100566,Donepezil,Asthma,AstraZeneca,2021-12-13,2024-12-13,,Completed
NCT100567,Aspirin,Diabetes,Sanofi,2023-10-20,2025-03-01,Phase 2,Withdrawn
NCT100568,Remdesivir,Breast Cancer,Sanofi,2022-11-15,2025-05-14,,Withdrawn
NCT100569,Metformin,Hypertension,Pfizer,2021-06-01,2025-07-14,Phase 1,Withdrawn
NCT100570,Salbutamol,Alzheimer's Disease,Pfizer,2022-03-03,2025-06-24,Phase 4,Recruiting
NCT100571,Salbutamol,Alzheimer's Disease,Moderna,2024-05-15,2025-07-25,Phase 1,Withdrawn
NCT100572,Salbutamol,COVID-19,Sanofi,2020-12-08,,,Completed
NCT100573,Metformin,Hypertension,Pfizer,2022-05-25,2024-10-26,Phase 1,Terminated
NCT100574,Donepezil,Breast Cancer,GSK,2021-11-12,2024-11-29,,Terminated
NCT100575,Salbutamol,Alzheimer's Disease,Novartis,2023-06-15,2024-12-29,,Recruiting
NCT100576,Metformin,Diabetes,Moderna,2023-07-23,2024-08-21,Phase 4,Recruiting
NCT100577,Salbutamol,Asthma,Moderna,2022-05-22,2024-10-14,Phase 4,Terminated
NCT100578,Salbutamol,Hypertension,GSK,2021-12-26,2025-03-05,Phase 3,Terminated
NCT100579,Salbutamol,Alzheimer's Disease,Moderna,2023-05-22,,Phase 1,Terminated
NCT100580,Trastuzumab,Diabetes,Novartis,2024-04-22,2024-11-09,Phase 2,Completed
NCT100581,Salbutamol,Breast Cancer,Pfizer,2021-04-21,,Phase 4,Withdrawn
NCT100582,Remdesivir,Diabetes,AstraZeneca,2020-11-28,,Phase 2,Recruiting
NCT100583,Salbutamol,Asthma,GSK,2021-06-03,2025-05-30,Phase 2,Completed
NCT100584,Donepezil,Hypertension,AstraZeneca,2022-01-16,2024-08-18,Phase 2,Completed
NCT100585,Remdesivir,Diabetes,Sanofi,2023-04-03,,,Recruiting
NCT100586,,Breast Cancer,Pfizer,2021-02-08,2024-09-06,Phase 1,Completed
NCT100587,Trastuzumab,Breast Cancer,Novartis,2024-02-22,2024-09-06,Phase 4,Withdrawn
NCT100588,Salbutamol,Hypertension,Novartis,2023-06-20,,,Recruiting
NCT100589,Metformin,Hypertension,Novartis,2024-04-06,2024-09-11,Phase 1,Terminated
NCT100590,Aspirin,Hypertension,Sanofi,2020-11-29,2025-07-08,Phase 1,Withdrawn
NCT100591,Donepezil,Asthma,AstraZeneca,2023-06-15,2024-12-04,Phase 3,Withdrawn
NCT100592,Salbutamol,Asthma,AstraZeneca,2020-11-23,2024-12-05,Phase 3,Withdrawn
NCT100593,Aspirin,Hypertension,Moderna,2024-01-21,2024-08-13,Phase 1,Withdrawn
NCT100594,Aspirin,COVID-19,Moderna,2020-10-08,2024-10-19,Phase 3,Terminated
NCT100595,Trastuzumab,Breast Cancer,Sanofi,2022-06-08,2024-12-23,Phase 4,Terminated
NCT100596,,COVID-19,Moderna,2022-03-17,2025-04-24,,Withdrawn
NCT100597,Aspirin,Hypertension,AstraZeneca,2021-11-07,2025-03-22,,Terminated
NCT100598,Salbutamol,Asthma,Pfizer,2022-07-03,2024-09-03,,Withdrawn
NCT100599,,Hypertension,Moderna,2022-03-16,2025-01-21,Phase 1,Completed
NCT100600,Aspirin,Alzheimer's Disease,Pfizer,2022-08-30,2024-08-20,Phase 4,Completed
NCT100601,Remdesivir,Hypertension,Sanofi,2023-02-19,,Phase 4,Terminated
NCT100602,Trastuzumab,COVID-19,Moderna,2024-07-02,2025-01-11,Phase 1,Terminated
NCT100603,,Alzheimer's Disease,Sanofi,2023-12-07,2025-06-20,,Terminated
NCT100604,Donepezil,Hypertension,Novartis,2021-08-15,2025-03-08,,Completed
NCT100605,Salbutamol,Diabetes,Sanofi,2023-02-11,2024-12-13,Phase 4,Recruiting
NCT100606,Metformin,Breast Cancer,GSK,2021-02-13,2024-10-19,,Completed
NCT100607,Metformin,Diabetes,GSK,2023-02-18,2024-08-06,Phase 3,Withdrawn
NCT100608,Metformin,Breast Cancer,AstraZeneca,2020-10-17,2024-12-22,Phase 1,Withdrawn
NCT100609,,Hypertension,Moderna,2023-12-25,2025-03-08,Phase 1,Completed
NCT100610,Aspirin,Asthma,Novartis,2022-11-02,2024-09-09,,Completed
NCT100611,Remdesivir,Asthma,AstraZeneca,2022-08-01,2025-03-26,Phase 1,Withdrawn
NCT100612,Aspirin,Diabetes,AstraZeneca,2023-03-31,2025-03-25,,Recruiting
NCT100613,Remdesivir,Breast Cancer,Pfizer,2021-04-11,,,Recruiting
NCT100614,,Asthma,Moderna,2021-01-21,2025-01-21,Phase 4,Withdrawn
NCT100615,Donepezil,Alzheimer's Disease,GSK,2022-11-07,2025-05-08,Phase 4,Recruiting
NCT100616,Aspirin,COVID-19,Sanofi,2023-04-13,2024-09-28,Phase 3,Recruiting
NCT100617,Aspirin,Asthma,Sanofi,2023-01-02,2025-01-07,,Withdrawn
NCT100618,Donepezil,Hypertension,Pfizer,2024-03-02,2024-11-20,Phase 1,Recruiting
NCT100619,Salbutamol,Alzheimer's Disease,GSK,2023-11-25,2025-04-07,Phase 2,Completed
NCT100620,Donepezil,COVID-19,Sanofi,2021-08-08,2025-02-27,Phase 1,Completed
NCT100621,Remdesivir,Asthma,AstraZeneca,2023-06-08,2024-11-27,Phase 4,Withdrawn
NCT100622,Remdesivir,Asthma,GSK,2021-07-18,2024-12-01,Phase 1,Withdrawn
NCT100623,Trastuzumab,COVID-19,Moderna,2021-11-30,2025-05-11,,Terminated
NCT100624,Remdesivir,Hypertension,Moderna,2023-09-16,2025-04-21,,Terminated
NCT100625,Remdesivir,Hypertension,Moderna,2022-05-22,2025-07-14,Phase 1,Terminated
NCT100626,Donepezil,Asthma,Pfizer,2021-01-26,2024-10-07,Phase 3,Recruiting
NCT100627,Salbutamol,Alzheimer's Disease,GSK,2022-06-17,2024-12-18,,Completed
NCT100628,Trastuzumab,Asthma,Moderna,2023-11-24,,Phase 3,Withdrawn
NCT100629,Remdesivir,Breast Cancer,Novartis,2021-09-16,2024-10-17,Phase 3,Withdrawn
NCT100630,Salbutamol,Hypertension,Sanofi,2023-01-09,2024-08-27,Phase 1,Terminated
NCT100631,Trastuzumab,Alzheimer's Disease,Pfizer,2023-10-24,2025-06-28,Phase 4,Terminated
NCT100632,Remdesivir,Diabetes,Pfizer,2022-07-29,2025-06-02,Phase 3,Completed
NCT100633,Remdesivir,Breast Cancer,AstraZeneca,2021-01-27,2025-03-19,Phase 2,Withdrawn
NCT100634,Salbutamol,Alzheimer's Disease,Pfizer,2024-06-03,2025-06-23,Phase 1,Recruiting
NCT100635,Metformin,Breast Cancer,Sanofi,2021-01-26,2025-03-15,Phase 4,Withdrawn
NCT100636,Donepezil,Hypertension,AstraZeneca,2024-02-03,2024-10-15,Phase 3,Terminated
NCT100637,Trastuzumab,COVID-19,Moderna,2021-05-04,2025-04-16,Phase 3,Recruiting
NCT100638,Aspirin,Asthma,Moderna,2024-07-05,2025-03-26,Phase 3,Withdrawn
NCT100639,Trastuzumab,Alzheimer's Disease,Novartis,2023-11-06,,,Terminated
NCT100640,Aspirin,Hypertension,AstraZeneca,2021-04-08,2025-04-22,Phase 1,Completed
NCT100641,Salbutamol,Breast Cancer,AstraZeneca,2023-07-27,2025-03-26,Phase 4,Withdrawn
NCT100642,Trastuzumab,COVID-19,Novartis,2023-12-08,2025-04-16,Phase 4,Withdrawn
NCT100643,Trastuzumab,Hypertension,Sanofi,2023-03-28,,,Withdrawn
NCT100644,Aspirin,Breast Cancer,AstraZeneca,2022-04-04,,Phase 4,Recruiting
NCT100645,Remdesivir,Diabetes,Novartis,2020-09-10,2025-01-07,Phase 3,Recruiting
NCT100646,Salbutamol,Asthma,Sanofi,2021-02-02,2024-10-19,Phase 4,Completed
NCT100647,Aspirin,Alzheimer's Disease,Pfizer,2023-09-03,2024-11-28,Phase 1,Recruiting
NCT100648,Salbutamol,Hypertension,Novartis,2020-10-09,,Phase 4,Terminated
NCT100649,Salbutamol,Asthma,Sanofi,2021-09-13,2025-04-07,,Recruiting
NCT100650,Trastuzumab,Asthma,GSK,2024-01-26,2024-12-07,Phase 1,Withdrawn
NCT100651,Metformin,COVID-19,Sanofi,2022-01-11,,Phase 2,Completed
NCT100652,Aspirin,Alzheimer's Disease,Pfizer,2021-06-09,2024-10-16,Phase 4,Completed
NCT100653,Salbutamol,Hypertension,AstraZeneca,2021-06-28,,Phase 3,Terminated
NCT100654,Metformin,Asthma,Novartis,2022-10-14,2024-10-19,Phase 2,Withdrawn
NCT100655,Metformin,Diabetes,Sanofi,2024-03-05,2025-01-06,Phase 3,Recruiting
NCT100656,Remdesivir,Asthma,Novartis,2021-08-03,2024-11-13,Phase 2,Terminated
NCT100657,Trastuzumab,Asthma,Pfizer,2023-08-28,2024-12-28,Phase 2,Withdrawn
NCT100658,Remdesivir,Breast Cancer,Moderna,2021-09-23,2024-09-05,,Withdrawn
NCT100659,Donepezil,Hypertension,AstraZeneca,2022-04-10,,,Recruiting
NCT100660,Aspirin,Alzheimer's Disease,Moderna,2021-09-15,2025-06-24,Phase 3,Recruiting
NCT100661,Trastuzumab,Alzheimer's Disease,Novartis,2023-01-02,2024-08-16,Phase 3,Completed
NCT100662,,Hypertension,Novartis,2021-08-17,2025-08-04,,Terminated
NCT100663,Aspirin,Asthma,GSK,2022-01-19,2025-02-06,Phase 3,Recruiting
NCT100664,Donepezil,Alzheimer's Disease,Moderna,2024-05-03,,Phase 1,Withdrawn
NCT100665,Remdesivir,Breast Cancer,Novartis,2022-03-23,2024-08-16,,Completed
NCT100666,Donepezil,COVID-19,Pfizer,2022-04-15,2025-04-24,,Completed
NCT100667,Metformin,Alzheimer's Disease,Moderna,2021-10-10,2025-06-07,Phase 4,Withdrawn
NCT100668,Metformin,Diabetes,AstraZeneca,2023-04-10,2024-09-03,Phase 4,Terminated
NCT100669,Donepezil,Breast Cancer,Pfizer,2022-11-29,,Phase 1,Recruiting
NCT100670,Remdesivir,Asthma,Pfizer,2022-12-26,2025-06-06,,Completed
NCT100671,Salbutamol,Asthma,Pfizer,2022-05-02,2025-01-25,Phase 4,Recruiting
NCT100672,Donepezil,COVID-19,Sanofi,2022-08-10,2024-10-06,,Terminated
NCT100673,Donepezil,Breast Cancer,Pfizer,2021-04-05,,Phase 1,Terminated
NCT100674,Aspirin,Alzheimer's Disease,Sanofi,2023-06-24,2024-08-20,Phase 2,Withdrawn
NCT100675,Metformin,COVID-19,Moderna,2022-12-10,2025-06-23,Phase 3,Withdrawn
NCT100676,Remdesivir,COVID-19,GSK,2021-11-06,2024-10-19,Phase 4,Withdrawn
NCT100677,Aspirin,Hypertension,Pfizer,2023-05-22,2024-08-06,Phase 1,Terminated
NCT100678,Salbutamol,COVID-19,AstraZeneca,2022-10-01,2025-06-17,Phase 1,Terminated
NCT100679,Metformin,COVID-19,Sanofi,2020-11-24,,Phase 3,Completed
NCT100680,Salbutamol,Alzheimer's Disease,Moderna,2021-05-08,2025-05-15,Phase 4,Completed
NCT100681,Trastuzumab,Breast Cancer,Sanofi,2023-07-15,2025-03-26,Phase 3,Terminated
NCT100682,Remdesivir,Breast Cancer,GSK,2021-07-02,,,Terminated
NCT100683,Metformin,Breast Cancer,AstraZeneca,2021-10-18,2024-08-31,Phase 4,Withdrawn
NCT100684,Aspirin,Hypertension,Sanofi,2020-12-08,2024-10-17,Phase 4,Withdrawn
NCT100685,Metformin,Alzheimer's Disease,Novartis,2023-08-30,2025-07-27,Phase 3,Withdrawn
NCT100686,Remdesivir,Asthma,Moderna,2024-06-08,2024-11-04,Phase 4,Completed
NCT100687,Donepezil,Diabetes,Novartis,2021-05-12,2024-12-28,Phase 3,Terminated
NCT100688,Donepezil,Hypertension,AstraZeneca,2022-06-09,,Phase 1,Withdrawn
NCT100689,Aspirin,COVID-19,Pfizer,2023-01-28,,,Withdrawn
NCT100690,,Hypertension,Pfizer,2022-07-12,2025-06-07,Phase 4,Completed
NCT100691,Salbutamol,Alzheimer's Disease,Sanofi,2022-07-20,2025-05-04,Phase 4,Recruiting
NCT100692,Aspirin,,Sanofi,2023-03-14,,Phase 2,Withdrawn
NCT100693,Aspirin,Alzheimer's Disease,Pfizer,2021-10-15,,,Completed
NCT100694,Remdesivir,Breast Cancer,Sanofi,2020-09-15,2025-08-01,Phase 3,Terminated
NCT100695,Metformin,Hypertension,AstraZeneca,2024-03-16,2025-04-28,,Recruiting
NCT100696,Salbutamol,Diabetes,Sanofi,2022-12-16,2025-04-25,Phase 2,Terminated
NCT100697,Aspirin,Alzheimer's Disease,Moderna,2024-07-06,2025-03-05,Phase 1,Completed
NCT100698,Aspirin,,GSK,2022-02-14,2024-09-15,Phase 3,Terminated
NCT100699,Trastuzumab,Breast Cancer,GSK,2022-07-05,2024-10-08,Phase 1,Recruiting
NCT100700,Aspirin,Alzheimer's Disease,GSK,2022-11-12,2025-04-07,Phase 4,Recruiting
NCT100701,Donepezil,COVID-19,Sanofi,2021-08-07,2025-05-15,,Terminated
NCT100702,Donepezil,COVID-19,Moderna,2023-06-14,2024-08-24,Phase 3,Recruiting
NCT100703,Metformin,Hypertension,GSK,2024-03-04,2024-10-30,Phase 4,Withdrawn
NCT100704,Donepezil,Alzheimer's Disease,GSK,2021-09-17,2025-03-23,Phase 2,Withdrawn
NCT100705,Salbutamol,Diabetes,Pfizer,2024-04-16,,,Withdrawn
NCT100706,Salbutamol,Breast Cancer,AstraZeneca,2023-11-20,2025-03-18,Phase 1,Withdrawn
NCT100707,Aspirin,Diabetes,Pfizer,2024-02-04,2025-06-27,,Withdrawn
NCT100708,Metformin,Alzheimer's Disease,Pfizer,2021-10-16,2025-05-14,,Completed
NCT100709,Metformin,Diabetes,Novartis,2023-07-10,2025-03-12,,Completed
NCT100710,Trastuzumab,Asthma,Pfizer,2022-11-06,2025-02-28,Phase 4,Recruiting
NCT100711,Remdesivir,Hypertension,Moderna,2024-04-14,2025-05-25,Phase 1,Completed
NCT100712,,Asthma,Moderna,2024-04-17,,Phase 2,Withdrawn
NCT100713,Trastuzumab,Breast Cancer,Moderna,2022-06-21,2025-04-03,Phase 1,Withdrawn
NCT100714,Trastuzumab,Diabetes,Novartis,2024-01-02,2025-06-22,,Terminated
NCT100715,Metformin,Alzheimer's Disease,Novartis,2021-01-29,,Phase 2,Completed
NCT100716,Aspirin,,Novartis,2023-08-20,2024-12-02,,Recruiting
NCT100717,,Diabetes,GSK,2022-12-29,2025-06-03,Phase 1,Terminated
NCT100718,Salbutamol,Hypertension,GSK,2024-01-10,2024-11-09,Phase 1,Recruiting
NCT100719,Remdesivir,Breast Cancer,Novartis,2021-08-31,,Phase 2,Terminated
NCT100720,Metformin,Alzheimer's Disease,AstraZeneca,2023-03-31,2024-11-29,Phase 3,Withdrawn
NCT100721,Trastuzumab,COVID-19,GSK,2021-08-29,2024-11-24,Phase 3,Terminated
NCT100722,Donepezil,Alzheimer's Disease,Sanofi,2023-06-25,2025-04-10,,Withdrawn
NCT100723,Metformin,Breast Cancer,Moderna,2020-10-30,,Phase 4,Completed
NCT100724,Metformin,COVID-19,Sanofi,2023-05-27,2025-04-11,Phase 1,Terminated
NCT100725,Trastuzumab,COVID-19,Novartis,2022-05-18,2024-10-25,,Completed
NCT100726,Donepezil,Hypertension,Novartis,2021-12-26,,Phase 1,Withdrawn
NCT100727,Remdesivir,COVID-19,Novartis,2024-03-14,2025-06-05,Phase 2,Terminated
NCT100728,Trastuzumab,Alzheimer's Disease,Novartis,2023-09-16,2025-01-01,Phase 4,Withdrawn
NCT100729,Donepezil,Diabetes,Sanofi,2021-01-19,2025-01-01,Phase 1,Terminated
NCT100730,Remdesivir,Hypertension,Moderna,2023-11-02,2024-11-15,Phase 2,Terminated
NCT100731,Trastuzumab,Hypertension,Pfizer,2021-01-12,2025-03-13,Phase 3,Completed
NCT100732,Metformin,Hypertension,GSK,2023-12-20,2024-10-04,Phase 3,Withdrawn
NCT100733,,Alzheimer's Disease,GSK,2023-10-02,2025-02-12,,Recruiting
NCT100734,Trastuzumab,Hypertension,GSK,2022-12-31,2025-03-29,Phase 2,Recruiting
NCT100735,Salbutamol,Alzheimer's Disease,Sanofi,2023-04-07,2025-07-19,Phase 1,Terminated
NCT100736,Donepezil,COVID-19,AstraZeneca,2021-05-22,2025-02-11,Phase 1,Withdrawn
NCT100737,Aspirin,Alzheimer's Disease,AstraZeneca,2023-09-20,2024-10-21,Phase 1,Terminated
NCT100738,Aspirin,Diabetes,Sanofi,2022-12-17,2024-11-19,Phase 3,Terminated
NCT100739,Metformin,COVID-19,Moderna,2022-09-03,,,Recruiting
NCT100740,Aspirin,Breast Cancer,Novartis,2024-06-10,2024-09-18,Phase 3,Recruiting
NCT100741,Trastuzumab,Breast Cancer,Sanofi,2023-02-03,2025-04-16,,Completed
NCT100742,Metformin,COVID-19,Moderna,2024-05-18,,Phase 4,Completed
NCT100743,Remdesivir,COVID-19,AstraZeneca,2020-11-08,2025-01-04,Phase 1,Withdrawn
NCT100744,Metformin,Alzheimer's Disease,Pfizer,2022-08-18,,Phase 2,Recruiting
NCT100745,Donepezil,Hypertension,Sanofi,2022-07-10,,Phase 2,Recruiting
NCT100746,Remdesivir,Breast Cancer,Sanofi,2022-01-01,2025-04-20,,Terminated
NCT100747,Donepezil,Breast Cancer,GSK,2024-01-03,2024-08-20,Phase 2,Terminated
NCT100748,Donepezil,Breast Cancer,AstraZeneca,2020-09-14,,Phase 4,Terminated
NCT100749,Salbutamol,,Pfizer,2023-01-23,2024-08-17,Phase 2,Withdrawn
NCT100750,Aspirin,Breast Cancer,Sanofi,2021-01-09,2025-08-03,Phase 2,Recruiting
NCT100751,Salbutamol,Asthma,GSK,2024-07-23,2025-05-22,Phase 2,Completed
NCT100752,Metformin,Asthma,GSK,2023-12-28,2025-03-29,,Terminated
NCT100753,Donepezil,COVID-19,Moderna,2022-07-10,,Phase 4,Withdrawn
NCT100754,Trastuzumab,,AstraZeneca,2022-11-22,2024-11-19,Phase 3,Terminated
NCT100755,Metformin,COVID-19,Sanofi,2023-03-16,2024-12-14,Phase 4,Withdrawn
NCT100756,Salbutamol,Breast Cancer,Moderna,2021-03-27,,,Completed
NCT100757,Metformin,COVID-19,Pfizer,2023-02-07,,Phase 2,Recruiting
NCT100758,Donepezil,Alzheimer's Disease,Novartis,2022-08-23,2024-08-07,Phase 1,Recruiting
NCT100759,Remdesivir,Diabetes,Pfizer,2021-05-09,2025-04-12,Phase 3,Withdrawn
NCT100760,Aspirin,Breast Cancer,Moderna,2022-07-28,,Phase 1,Completed
NCT100761,Trastuzumab,Asthma,Moderna,2023-07-16,2025-07-13,Phase 4,Terminated
NCT100762,Trastuzumab,Alzheimer's Disease,Novartis,2021-11-24,2024-09-20,,Terminated
NCT100763,Remdesivir,Hypertension,Sanofi,2021-11-20,2025-07-23,Phase 1,Completed
NCT100764,Aspirin,Hypertension,Sanofi,2022-08-20,,Phase 3,Terminated
NCT100765,Aspirin,Asthma,AstraZeneca,2021-02-19,2025-04-06,Phase 1,Recruiting
NCT100766,Remdesivir,Asthma,GSK,2023-05-16,2025-07-16,,Terminated
NCT100767,Salbutamol,Diabetes,Sanofi,2023-01-14,2025-07-24,Phase 4,Recruiting
NCT100768,Donepezil,Asthma,Novartis,2022-01-11,2025-04-21,Phase 1,Recruiting
NCT100769,Donepezil,Diabetes,Moderna,2022-01-17,2024-11-20,,Completed
NCT100770,,Diabetes,Pfizer,2022-07-30,2025-02-16,Phase 1,Terminated
NCT100771,Remdesivir,Hypertension,Moderna,2021-06-28,,Phase 3,Withdrawn
NCT100772,Aspirin,Hypertension,GSK,2021-05-27,2025-03-11,Phase 4,Terminated
NCT100773,Aspirin,Hypertension,Sanofi,2023-03-18,,,Recruiting
NCT100774,Trastuzumab,COVID-19,Sanofi,2022-02-07,2025-02-22,Phase 2,Completed
NCT100775,Donepezil,Breast Cancer,GSK,2022-07-19,2024-09-21,Phase 4,Completed
NCT100776,Donepezil,Asthma,Sanofi,2021-10-04,,Phase 3,Withdrawn
NCT100777,,Hypertension,AstraZeneca,2022-10-18,2025-02-25,Phase 2,Withdrawn
NCT100778,Salbutamol,Hypertension,Moderna,2021-04-22,2025-03-03,Phase 4,Withdrawn
NCT100779,Remdesivir,COVID-19,Sanofi,2023-09-24,2025-08-01,Phase 4,Terminated
NCT100780,Metformin,Breast Cancer,Moderna,2021-03-29,,,Completed
NCT100781,Remdesivir,Diabetes,AstraZeneca,2022-07-19,2025-04-03,Phase 2,Withdrawn
NCT100782,Trastuzumab,Breast Cancer,Moderna,2021-05-30,,Phase 1,Completed
NCT100783,Trastuzumab,Asthma,AstraZeneca,2021-01-08,,Phase 3,Completed
NCT100784,Metformin,Alzheimer's Disease,Sanofi,2021-06-06,2025-03-21,Phase 2,Terminated
NCT100785,Metformin,Alzheimer's Disease,Sanofi,2023-02-22,2025-05-10,Phase 3,Withdrawn
NCT100786,Donepezil,COVID-19,GSK,2023-07-30,2024-08-27,,Terminated
NCT100787,,Hypertension,Novartis,2023-07-23,2025-02-28,Phase 3,Withdrawn
NCT100788,Aspirin,,GSK,2020-10-07,2025-04-01,Phase 2,Withdrawn
NCT100789,,Diabetes,Pfizer,2023-10-15,2025-04-20,,Terminated
NCT100790,Trastuzumab,Alzheimer's Disease,Moderna,2024-04-02,2025-06-03,,Terminated
NCT100791,Metformin,Asthma,Moderna,2020-11-27,,Phase 3,Terminated
NCT100792,Salbutamol,Asthma,Pfizer,2022-09-12,2024-11-30,Phase 4,Completed
NCT100793,Remdesivir,Asthma,Novartis,2021-12-01,2024-11-11,Phase 3,Terminated
NCT100794,Trastuzumab,Diabetes,Novartis,2023-04-02,2025-02-02,Phase 4,Recruiting
NCT100795,Remdesivir,Breast Cancer,Sanofi,2022-11-07,,Phase 2,Recruiting
NCT100796,Remdesivir,COVID-19,Sanofi,2023-01-21,2025-05-17,Phase 3,Recruiting
NCT100797,Remdesivir,Asthma,Sanofi,2023-03-06,2024-10-08,Phase 4,Recruiting
NCT100798,Metformin,Hypertension,AstraZeneca,2020-08-11,2025-04-21,Phase 3,Recruiting
NCT100799,Remdesivir,COVID-19,AstraZeneca,2020-10-26,2024-11-18,Phase 2,Recruiting
NCT100800,Remdesivir,Hypertension,Moderna,2021-03-08,2024-11-21,Phase 1,Completed
NCT100801,Aspirin,Breast Cancer,Novartis,2022-05-02,2025-02-03,Phase 1,Completed
NCT100802,,Diabetes,GSK,2021-08-03,2025-07-28,Phase 3,Recruiting
NCT100803,Remdesivir,Hypertension,AstraZeneca,2021-07-22,2024-08-22,Phase 4,Completed
NCT100804,Trastuzumab,Alzheimer's Disease,AstraZeneca,2021-07-12,2025-07-12,,Withdrawn
NCT100805,Remdesivir,Hypertension,Sanofi,2022-03-03,2025-02-19,,Recruiting
NCT100806,Metformin,Diabetes,Moderna,2020-08-28,2025-07-26,Phase 2,Withdrawn
NCT100807,Trastuzumab,Breast Cancer,Sanofi,2023-10-15,2025-03-27,Phase 1,Withdrawn
NCT100808,Metformin,COVID-19,Moderna,2023-02-07,2025-02-09,Phase 3,Withdrawn
NCT100809,Salbutamol,COVID-19,Sanofi,2024-08-02,2025-02-24,Phase 4,Completed
NCT100810,Metformin,Alzheimer's Disease,Pfizer,2024-04-09,2025-02-20,Phase 2,Completed
NCT100811,Metformin,Breast Cancer,Moderna,2023-09-26,2024-12-20,Phase 4,Withdrawn
NCT100812,Aspirin,Diabetes,Pfizer,2023-11-20,2025-06-09,Phase 3,Recruiting
NCT100813,Metformin,Asthma,Sanofi,2023-06-06,2024-11-28,,Recruiting
NCT100814,Trastuzumab,Breast Cancer,Pfizer,2022-08-17,2025-02-26,Phase 3,Terminated
NCT100815,Metformin,Hypertension,Moderna,2024-06-30,2025-01-27,,Completed
NCT100816,Donepezil,Asthma,Sanofi,2022-03-12,2025-04-13,Phase 4,Terminated
NCT100817,Trastuzumab,Breast Cancer,Moderna,2022-08-06,2024-12-22,Phase 2,Terminated
NCT100818,Salbutamol,Alzheimer's Disease,Sanofi,2022-01-04,2025-01-04,Phase 1,Withdrawn
NCT100819,Salbutamol,Breast Cancer,Pfizer,2021-12-03,2024-10-21,Phase 3,Terminated
NCT100820,Trastuzumab,Asthma,Novartis,2024-05-27,2025-02-02,,Recruiting
NCT100821,Salbutamol,Diabetes,Novartis,2020-08-16,2024-10-21,Phase 4,Recruiting
NCT100822,Aspirin,COVID-19,Pfizer,2024-06-20,2024-12-06,Phase 4,Completed
NCT100823,Remdesivir,COVID-19,Novartis,2021-09-11,2025-01-22,Phase 4,Withdrawn
NCT100824,,COVID-19,Novartis,2022-12-22,2025-05-27,Phase 3,Withdrawn
NCT100825,Donepezil,,GSK,2022-10-16,2024-11-10,,Terminated
NCT100826,Metformin,COVID-19,Pfizer,2024-06-07,2024-11-13,Phase 1,Withdrawn
NCT100827,Metformin,Asthma,Pfizer,2020-08-16,2025-06-02,Phase 3,Terminated
NCT100828,Remdesivir,Breast Cancer,GSK,2021-09-25,2024-10-28,Phase 1,Completed
NCT100829,Aspirin,,Novartis,2021-04-16,2025-03-09,Phase 2,Completed
NCT100830,Salbutamol,Breast Cancer,AstraZeneca,2022-08-15,2025-04-26,,Terminated
NCT100831,Aspirin,Diabetes,Sanofi,2021-06-16,2025-01-12,Phase 1,Recruiting
NCT100832,Trastuzumab,Alzheimer's Disease,Pfizer,2021-03-23,2024-08-16,Phase 1,Completed
NCT100833,Salbutamol,Hypertension,Pfizer,2022-05-07,2025-06-11,Phase 3,Recruiting
NCT100834,,Diabetes,Sanofi,2022-04-29,,Phase 2,Recruiting
NCT100835,Metformin,Diabetes,Moderna,2023-06-15,2024-10-19,Phase 2,Recruiting
NCT100836,Aspirin,Asthma,Sanofi,2023-02-17,2024-09-30,,Withdrawn
NCT100837,Metformin,Hypertension,GSK,2023-11-22,2024-11-28,Phase 4,Terminated
NCT100838,Aspirin,COVID-19,GSK,2023-03-23,2025-01-10,Phase 2,Recruiting
NCT100839,Aspirin,Breast Cancer,Moderna,2023-07-22,,,Completed
NCT100840,Salbutamol,Asthma,Pfizer,2023-08-22,,Phase 3,Terminated
NCT100841,Remdesivir,Asthma,AstraZeneca,2021-12-25,2024-09-22,Phase 4,Withdrawn
NCT100842,Trastuzumab,Breast Cancer,AstraZeneca,2022-11-24,2025-02-02,Phase 4,Completed
NCT100843,Donepezil,Alzheimer's Disease,GSK,2021-10-04,2024-08-07,Phase 4,Completed
NCT100844,,COVID-19,AstraZeneca,2022-04-02,2024-09-06,,Completed
NCT100845,Donepezil,COVID-19,GSK,2021-08-18,,,Completed
NCT100846,Donepezil,Asthma,Pfizer,2021-09-21,2024-11-04,Phase 4,Completed
NCT100847,,Diabetes,Pfizer,2022-10-06,,Phase 1,Recruiting
NCT100848,Metformin,Alzheimer's Disease,GSK,2023-06-07,2025-06-26,Phase 2,Withdrawn
NCT100849,Trastuzumab,COVID-19,GSK,2020-09-02,2025-07-29,Phase 4,Completed
NCT100850,,Asthma,GSK,2023-01-01,2025-01-22,Phase 2,Withdrawn
NCT100851,Remdesivir,Alzheimer's Disease,Novartis,2022-10-26,2024-08-14,,Completed
NCT100852,Aspirin,Hypertension,Sanofi,2021-09-08,2025-04-29,Phase 1,Recruiting
NCT100853,Remdesivir,Asthma,GSK,2023-01-25,,Phase 2,Recruiting
NCT100854,Aspirin,Breast Cancer,Moderna,2021-09-01,2025-06-29,Phase 3,Withdrawn
NCT100855,Donepezil,Hypertension,GSK,2021-11-09,2025-03-31,Phase 3,Completed
NCT100856,Salbutamol,Hypertension,AstraZeneca,2021-02-01,2024-08-24,,Withdrawn
NCT100857,Aspirin,Diabetes,AstraZeneca,2022-12-08,2025-01-22,Phase 2,Withdrawn
NCT100858,Metformin,COVID-19,AstraZeneca,2021-07-24,2025-04-22,,Terminated
NCT100859,Remdesivir,Asthma,Pfizer,2023-09-22,2025-07-29,Phase 2,Completed
NCT100860,Donepezil,Hypertension,Moderna,2024-07-28,2025-07-19,Phase 4,Completed
NCT100861,Trastuzumab,Diabetes,Pfizer,2023-09-04,2024-10-26,Phase 1,Recruiting
NCT100862,Salbutamol,COVID-19,GSK,2022-08-03,2024-10-24,Phase 4,Withdrawn
NCT100863,,Asthma,Novartis,2021-06-26,2024-10-29,Phase 3,Withdrawn
NCT100864,Remdesivir,Asthma,AstraZeneca,2022-06-25,2024-09-16,Phase 3,Recruiting
NCT100865,Trastuzumab,Asthma,Novartis,2023-05-17,,Phase 2,Completed
NCT100866,Aspirin,COVID-19,GSK,2022-12-16,2024-10-30,,Completed
NCT100867,Aspirin,Alzheimer's Disease,GSK,2023-01-24,2025-02-25,,Recruiting
NCT100868,Trastuzumab,Diabetes,Sanofi,2023-09-30,2025-07-03,,Recruiting
NCT100869,Remdesivir,,Moderna,2023-12-29,2025-07-10,Phase 3,Recruiting
NCT100870,Trastuzumab,Asthma,Pfizer,2020-12-29,2025-06-03,,Completed
NCT100871,Salbutamol,Breast Cancer,Moderna,2023-11-08,2024-11-09,,Withdrawn
NCT100872,Remdesivir,Alzheimer's Disease,AstraZeneca,2023-07-16,2024-12-30,,Withdrawn
NCT100873,Remdesivir,Hypertension,GSK,2023-10-27,2024-08-24,Phase 2,Recruiting
NCT100874,Metformin,Alzheimer's Disease,Novartis,2022-04-16,2025-05-31,Phase 2,Terminated
NCT100875,Donepezil,,Sanofi,2022-09-12,2025-03-17,Phase 4,Completed
NCT100876,Salbutamol,COVID-19,Sanofi,2022-06-25,2025-07-29,Phase 2,Completed
NCT100877,Metformin,COVID-19,Moderna,2024-03-08,2025-02-21,Phase 4,Withdrawn
NCT100878,Salbutamol,Hypertension,GSK,2023-02-18,2024-11-22,Phase 3,Completed
NCT100879,Trastuzumab,,Moderna,2021-11-01,2024-11-29,,Terminated
NCT100880,Donepezil,Diabetes,GSK,2023-12-14,2024-12-26,Phase 2,Withdrawn
NCT100881,Donepezil,Alzheimer's Disease,GSK,2021-10-29,2025-01-22,Phase 3,Completed
NCT100882,Metformin,Asthma,Pfizer,2023-12-08,2024-10-02,Phase 1,Terminated
NCT100883,Metformin,COVID-19,Pfizer,2022-05-02,2024-10-21,Phase 2,Recruiting
NCT100884,Trastuzumab,Alzheimer's Disease,AstraZeneca,2024-02-04,2024-09-20,Phase 3,Terminated
NCT100885,Metformin,Diabetes,Moderna,2020-10-13,,,Terminated
NCT100886,,Breast Cancer,Novartis,2023-11-23,2024-12-20,Phase 2,Recruiting
NCT100887,Remdesivir,Hypertension,GSK,2023-07-30,2025-05-13,Phase 4,Recruiting
NCT100888,Aspirin,Hypertension,Moderna,2021-05-07,,,Withdrawn
NCT100889,Metformin,Hypertension,AstraZeneca,2023-01-13,,Phase 2,Completed
NCT100890,Metformin,Diabetes,Pfizer,2022-07-23,2024-09-24,Phase 2,Completed
NCT100891,Trastuzumab,Breast Cancer,Sanofi,2023-12-21,,Phase 2,Recruiting
NCT100892,Remdesivir,Diabetes,Sanofi,2023-07-16,2025-06-01,,Completed
NCT100893,Metformin,,GSK,2023-02-05,2025-04-08,Phase 3,Withdrawn
NCT100894,Metformin,COVID-19,Sanofi,2024-05-22,2024-12-02,Phase 2,Completed
NCT100895,Metformin,Asthma,Pfizer,2024-02-04,2025-06-20,,Completed
NCT100896,Donepezil,COVID-19,Sanofi,2024-06-27,2025-07-15,,Terminated
NCT100897,Remdesivir,Asthma,Sanofi,2020-09-13,,Phase 3,Terminated
NCT100898,Donepezil,Asthma,Sanofi,2020-10-28,,Phase 4,Recruiting
NCT100899,Donepezil,Alzheimer's Disease,AstraZeneca,2022-08-19,,Phase 1,Recruiting
NCT100900,Aspirin,Alzheimer's Disease,AstraZeneca,2023-03-17,2025-05-17,Phase 3,Withdrawn
NCT100901,,Breast Cancer,Novartis,2024-07-22,,Phase 1,Recruiting
NCT100902,Salbutamol,Diabetes,GSK,2024-03-26,2025-04-24,Phase 1,Completed
NCT100903,Salbutamol,Alzheimer's Disease,Sanofi,2021-06-01,2024-09-05,Phase 3,Terminated
NCT100904,Metformin,Hypertension,Novartis,2020-12-29,2025-07-22,Phase 2,Withdrawn
NCT100905,Donepezil,Diabetes,Pfizer,2021-05-22,2024-11-11,Phase 2,Withdrawn
NCT100906,Salbutamol,Hypertension,AstraZeneca,2020-12-29,2025-04-15,Phase 1,Completed
NCT100907,Remdesivir,Diabetes,Novartis,2023-07-18,2025-06-08,Phase 3,Withdrawn
NCT100908,Remdesivir,Breast Cancer,Sanofi,2021-09-04,2024-10-20,Phase 2,Terminated
NCT100909,Salbutamol,Alzheimer's Disease,Sanofi,2022-10-17,2025-07-30,Phase 4,Recruiting
NCT100910,Salbutamol,Asthma,Novartis,2022-04-02,,Phase 4,Withdrawn
NCT100911,,Asthma,GSK,2024-07-24,2025-03-17,Phase 3,Recruiting
NCT100912,Trastuzumab,Hypertension,Moderna,2020-09-13,2024-10-10,Phase 3,Completed
NCT100913,Trastuzumab,Alzheimer's Disease,Moderna,2020-09-07,2025-07-05,Phase 1,Completed
NCT100914,Trastuzumab,Alzheimer's Disease,Moderna,2023-11-20,,Phase 4,Withdrawn
NCT100915,Donepezil,Diabetes,Novartis,2023-09-09,2025-05-23,Phase 1,Recruiting
NCT100916,Remdesivir,Hypertension,GSK,2022-07-23,,Phase 1,Withdrawn
NCT100917,Aspirin,Breast Cancer,GSK,2022-05-09,2024-11-22,Phase 2,Terminated
NCT100918,Aspirin,Alzheimer's Disease,Novartis,2022-05-05,2024-09-03,Phase 4,Completed
NCT100919,,Diabetes,GSK,2021-12-03,,Phase 2,Withdrawn
NCT100920,Metformin,Diabetes,Pfizer,2024-05-28,2024-12-15,,Recruiting
NCT100921,Donepezil,Breast Cancer,AstraZeneca,2021-07-23,2025-03-03,,Completed
NCT100922,Donepezil,COVID-19,Novartis,2022-12-15,2025-05-30,Phase 2,Recruiting
NCT100923,,Breast Cancer,Pfizer,2020-10-28,2024-08-17,Phase 1,Terminated
NCT100924,Trastuzumab,Diabetes,Pfizer,2023-05-04,2025-07-29,Phase 3,Withdrawn
NCT100925,Aspirin,Asthma,AstraZeneca,2020-10-31,2024-12-17,Phase 3,Terminated
NCT100926,Aspirin,Breast Cancer,Sanofi,2023-11-09,2025-01-12,Phase 3,Withdrawn
NCT100927,Donepezil,Asthma,Moderna,2021-05-22,2025-02-01,Phase 3,Completed
NCT100928,Trastuzumab,Hypertension,Novartis,2020-09-01,2024-10-15,Phase 3,Withdrawn
NCT100929,Salbutamol,,AstraZeneca,2024-06-12,2025-04-29,Phase 3,Terminated
NCT100930,Aspirin,COVID-19,Sanofi,2021-11-10,2025-01-20,Phase 4,Recruiting
NCT100931,Remdesivir,Asthma,Novartis,2024-03-31,,Phase 2,Terminated
NCT100932,Aspirin,COVID-19,Moderna,2022-07-31,2025-03-20,Phase 1,Withdrawn
NCT100933,Metformin,Hypertension,AstraZeneca,2022-04-11,2024-10-28,Phase 1,Completed
NCT100934,Metformin,Diabetes,Sanofi,2022-04-13,2024-10-09,Phase 2,Recruiting
NCT100935,Donepezil,Diabetes,Moderna,2021-11-19,2025-07-25,,Terminated
NCT100936,Metformin,Hypertension,Novartis,2022-02-18,2024-08-14,Phase 3,Terminated
NCT100937,Trastuzumab,Asthma,Sanofi,2023-01-12,2024-09-25,Phase 3,Terminated
NCT100938,Remdesivir,Alzheimer's Disease,Pfizer,2024-07-27,2024-11-25,Phase 4,Recruiting
NCT100939,Aspirin,Hypertension,Pfizer,2024-05-24,,Phase 1,Completed
NCT100940,Metformin,COVID-19,Moderna,2022-01-27,2025-03-05,Phase 4,Recruiting
NCT100941,Donepezil,COVID-19,AstraZeneca,2022-03-21,2025-05-16,Phase 1,Completed
NCT100942,Metformin,COVID-19,Sanofi,2024-01-30,2025-03-19,Phase 1,Withdrawn
NCT100943,Salbutamol,Hypertension,Novartis,2020-09-09,2025-03-21,Phase 2,Withdrawn
NCT100944,Salbutamol,Asthma,Novartis,2021-02-21,2025-05-13,Phase 3,Recruiting
NCT100945,Trastuzumab,Diabetes,Moderna,2021-05-14,2025-01-07,Phase 2,Terminated
NCT100946,Donepezil,Breast Cancer,GSK,2022-11-14,2025-04-17,Phase 3,Completed
NCT100947,Aspirin,Alzheimer's Disease,AstraZeneca,2021-05-22,,Phase 4,Completed
NCT100948,Metformin,COVID-19,GSK,2024-06-18,2025-07-02,,Terminated
NCT100949,Donepezil,Breast Cancer,Sanofi,2023-09-10,,Phase 2,Recruiting
NCT100950,Aspirin,Diabetes,Sanofi,2023-01-29,2025-04-29,Phase 4,Withdrawn
NCT100951,Remdesivir,Diabetes,AstraZeneca,2021-11-11,2025-05-07,Phase 2,Completed
NCT100952,Aspirin,Hypertension,AstraZeneca,2023-12-11,2025-06-10,Phase 1,Completed
NCT100953,Donepezil,COVID-19,Sanofi,2024-06-13,,Phase 3,Withdrawn
NCT100954,Trastuzumab,Hypertension,Pfizer,2023-12-11,2024-12-30,Phase 2,Terminated
NCT100955,Remdesivir,Hypertension,Novartis,2020-08-17,,Phase 2,Recruiting
NCT100956,Metformin,Breast Cancer,Pfizer,2024-01-20,2025-01-30,Phase 2,Recruiting
NCT100957,Aspirin,Asthma,Pfizer,2023-08-02,2025-04-23,Phase 4,Recruiting
NCT100958,Salbutamol,Breast Cancer,Pfizer,2022-04-18,2025-04-01,Phase 2,Completed
NCT100959,Trastuzumab,Hypertension,Novartis,2024-05-26,2024-09-06,Phase 3,Withdrawn
NCT100960,Donepezil,Diabetes,GSK,2021-11-16,2025-03-17,Phase 2,Recruiting
NCT100961,Donepezil,COVID-19,GSK,2023-06-02,2024-12-01,Phase 4,Completed
NCT100962,Remdesivir,Alzheimer's Disease,Moderna,2021-02-10,2025-06-02,Phase 4,Completed
NCT100963,Remdesivir,COVID-19,Moderna,2023-01-23,2024-10-24,Phase 3,Recruiting
NCT100964,Donepezil,Asthma,Sanofi,2022-01-20,,Phase 1,Recruiting
NCT100965,Metformin,Alzheimer's Disease,Novartis,2022-01-12,,,Terminated
NCT100966,Remdesivir,Hypertension,GSK,2024-02-17,,Phase 1,Withdrawn
NCT100967,Aspirin,Alzheimer's Disease,Novartis,2021-05-12,2025-04-25,Phase 3,Completed
NCT100968,Salbutamol,Diabetes,Novartis,2024-07-12,,,Terminated
NCT100969,Aspirin,Diabetes,Novartis,2023-12-22,2024-12-08,Phase 2,Withdrawn
NCT100970,Salbutamol,Alzheimer's Disease,Pfizer,2021-01-03,2025-01-02,Phase 2,Completed
NCT100971,Aspirin,Diabetes,AstraZeneca,2022-08-30,,Phase 2,Withdrawn
NCT100972,Salbutamol,Hypertension,Novartis,2022-08-04,2024-12-24,Phase 1,Withdrawn
NCT100973,Donepezil,Asthma,AstraZeneca,2023-07-02,2024-11-14,Phase 2,Withdrawn
NCT100974,Remdesivir,Alzheimer's Disease,Moderna,2023-05-03,2024-10-04,,Terminated
NCT100975,Salbutamol,Alzheimer's Disease,GSK,2021-04-27,,Phase 3,Terminated
NCT100976,Salbutamol,,AstraZeneca,2023-08-22,,Phase 1,Terminated
NCT100977,Remdesivir,Breast Cancer,Moderna,2022-01-16,2024-12-31,Phase 4,Completed
NCT100978,Donepezil,Asthma,Sanofi,2021-10-27,2025-02-24,Phase 3,Terminated
NCT100979,Salbutamol,Diabetes,Moderna,2023-10-03,,,Terminated
NCT100980,Remdesivir,Diabetes,Novartis,2024-05-29,2025-03-05,Phase 4,Withdrawn
NCT100981,Salbutamol,Asthma,Novartis,2022-05-28,2025-03-19,,Completed
NCT100982,Aspirin,Diabetes,AstraZeneca,2022-01-12,2025-07-01,Phase 2,Completed
NCT100983,Aspirin,Asthma,Sanofi,2022-11-24,2025-01-31,Phase 1,Terminated
NCT100984,Donepezil,,GSK,2020-11-24,,Phase 3,Completed
NCT100985,Salbutamol,Diabetes,Sanofi,2021-01-27,2024-12-14,Phase 2,Terminated
NCT100986,Metformin,Hypertension,AstraZeneca,2021-04-23,2024-12-09,Phase 4,Withdrawn
NCT100987,Salbutamol,Asthma,Pfizer,2023-05-22,,Phase 2,Terminated
NCT100988,Trastuzumab,Hypertension,AstraZeneca,2023-10-20,2025-06-26,,Withdrawn
NCT100989,Trastuzumab,COVID-19,Sanofi,2023-11-13,,Phase 4,Withdrawn
NCT100990,Remdesivir,COVID-19,GSK,2024-03-31,,Phase 2,Terminated
NCT100991,Remdesivir,Asthma,AstraZeneca,2021-07-21,2025-03-10,Phase 1,Recruiting
NCT100992,Aspirin,Alzheimer's Disease,Novartis,2024-03-23,2025-03-12,Phase 1,Recruiting
NCT100993,Remdesivir,Asthma,GSK,2023-12-05,2025-05-23,Phase 4,Completed
NCT100994,Remdesivir,COVID-19,Sanofi,2024-06-27,,Phase 1,Terminated
NCT100995,Aspirin,COVID-19,Moderna,2022-02-05,2024-08-30,,Withdrawn
NCT100996,Metformin,COVID-19,Moderna,2020-11-26,2024-12-17,Phase 2,Terminated
NCT100997,Trastuzumab,Alzheimer's Disease,Novartis,2023-10-08,2024-12-13,Phase 4,Completed
NCT100998,Donepezil,Alzheimer's Disease,GSK,2022-06-14,2024-08-13,Phase 2,Completed
NCT100999,Aspirin,Asthma,Sanofi,2022-09-25,2025-02-17,,Terminated
NCT101000,Salbutamol,Breast Cancer,AstraZeneca,2024-04-03,2025-01-14,,Terminated
NCT101001,Trastuzumab,Diabetes,Novartis,2020-11-12,2025-06-04,,Recruiting
NCT101002,Salbutamol,Asthma,AstraZeneca,2024-06-05,,Phase 2,Withdrawn
NCT101003,Salbutamol,Alzheimer's Disease,GSK,2023-01-27,,Phase 4,Completed
NCT101004,Salbutamol,,Novartis,2021-06-25,,Phase 2,Withdrawn
NCT101005,Trastuzumab,COVID-19,GSK,2024-07-30,,Phase 3,Recruiting
NCT101006,Salbutamol,Breast Cancer,GSK,2022-09-25,2024-10-12,Phase 1,Terminated
NCT101007,Trastuzumab,COVID-19,Moderna,2022-09-25,2025-01-17,Phase 2,Completed
NCT101008,Remdesivir,COVID-19,Novartis,2021-08-07,2024-08-21,Phase 4,Terminated
NCT101009,Trastuzumab,COVID-19,AstraZeneca,2023-03-17,2025-03-02,Phase 4,Withdrawn
NCT101010,Trastuzumab,Hypertension,Pfizer,2021-05-28,2025-06-01,Phase 4,Withdrawn
NCT101011,Remdesivir,Alzheimer's Disease,Sanofi,2022-08-04,2025-06-25,Phase 3,Terminated
NCT101012,Metformin,Diabetes,GSK,2023-09-08,2024-08-31,,Terminated
NCT101013,Donepezil,Asthma,Sanofi,2021-02-24,2025-04-19,Phase 1,Recruiting
NCT101014,Donepezil,Breast Cancer,Moderna,2020-09-11,2025-01-06,,Terminated
NCT101015,Donepezil,Alzheimer's Disease,Sanofi,2021-11-07,2025-07-24,Phase 3,Recruiting
NCT101016,Donepezil,Hypertension,Sanofi,2023-09-16,,,Terminated
NCT101017,,COVID-19,Novartis,2022-03-10,2025-03-07,Phase 2,Withdrawn
NCT101018,Metformin,Asthma,Pfizer,2022-08-14,,Phase 2,Terminated
NCT101019,Salbutamol,COVID-19,Novartis,2023-12-23,2025-03-31,Phase 3,Recruiting
NCT101020,,Diabetes,Pfizer,2023-02-14,2025-04-10,Phase 3,Withdrawn
NCT101021,Salbutamol,Diabetes,Pfizer,2024-03-12,,Phase 4,Recruiting
NCT101022,Metformin,Diabetes,GSK,2024-03-19,2025-07-21,Phase 3,Completed
NCT101023,Aspirin,COVID-19,AstraZeneca,2024-06-13,2025-04-05,Phase 3,Terminated
NCT101024,Donepezil,Diabetes,AstraZeneca,2022-09-19,2025-03-08,Phase 1,Completed
NCT101025,Donepezil,Diabetes,Sanofi,2022-07-03,2025-02-28,Phase 4,Recruiting
NCT101026,Aspirin,Alzheimer's Disease,GSK,2024-05-19,2025-06-23,Phase 3,Terminated
NCT101027,Aspirin,Asthma,GSK,2022-04-06,2024-11-02,Phase 3,Terminated
NCT101028,Aspirin,Hypertension,GSK,2021-04-28,2025-04-23,Phase 4,Withdrawn
NCT101029,Metformin,Breast Cancer,Novartis,2024-01-30,2025-05-01,Phase 2,Withdrawn
NCT101030,Aspirin,Alzheimer's Disease,GSK,2023-07-14,2025-07-15,Phase 1,Recruiting
NCT101031,Metformin,Breast Cancer,Novartis,2021-07-03,2025-04-11,Phase 1,Withdrawn
NCT101032,Metformin,Breast Cancer,Sanofi,2022-02-14,,Phase 2,Withdrawn
NCT101033,Trastuzumab,Diabetes,Moderna,2024-01-16,2024-09-17,Phase 3,Withdrawn
NCT101034,Remdesivir,COVID-19,GSK,2024-04-11,2025-07-10,Phase 1,Terminated
NCT101035,Donepezil,Diabetes,GSK,2021-07-23,2025-05-01,Phase 1,Withdrawn
NCT101036,Remdesivir,Asthma,GSK,2022-09-21,2024-11-08,,Completed
NCT101037,Salbutamol,COVID-19,Moderna,2022-04-14,2025-05-30,,Withdrawn
NCT101038,Donepezil,Diabetes,GSK,2021-10-24,2025-03-16,,Completed
NCT101039,Trastuzumab,Diabetes,Moderna,2023-10-17,2025-06-25,Phase 3,Recruiting
NCT101040,Trastuzumab,Alzheimer's Disease,GSK,2024-05-23,,Phase 1,Recruiting
NCT101041,Aspirin,Breast Cancer,Novartis,2024-03-05,2024-08-09,Phase 4,Completed
NCT101042,Donepezil,Asthma,Novartis,2022-10-01,2025-04-14,Phase 3,Withdrawn
NCT101043,Aspirin,Asthma,Moderna,2022-05-13,2025-06-12,Phase 3,Withdrawn
NCT101044,Aspirin,Hypertension,Moderna,2020-12-08,2025-07-04,Phase 4,Completed
NCT101045,Trastuzumab,Alzheimer's Disease,Moderna,2024-01-05,,Phase 3,Completed
NCT101046,Donepezil,Breast Cancer,AstraZeneca,2023-02-08,2025-07-05,Phase 4,Terminated
NCT101047,Remdesivir,Alzheimer's Disease,GSK,2021-07-08,2024-10-20,Phase 3,Completed
NCT101048,Aspirin,Breast Cancer,GSK,2020-11-23,2024-09-11,,Recruiting
NCT101049,Donepezil,Hypertension,Sanofi,2022-01-26,,Phase 4,Completed
NCT101050,Remdesivir,Hypertension,Pfizer,2020-08-05,2025-08-05,Phase 2,Completed
NCT101051,Donepezil,Diabetes,Sanofi,2022-04-08,,Phase 2,Terminated
NCT101052,,Hypertension,GSK,2020-10-28,2025-07-14,Phase 3,Completed
NCT101053,Trastuzumab,COVID-19,GSK,2023-08-22,2025-08-03,Phase 3,Completed
NCT101054,,Alzheimer's Disease,Pfizer,2022-07-20,2025-01-16,Phase 1,Terminated
NCT101055,Donepezil,Diabetes,AstraZeneca,2021-11-15,2024-08-12,Phase 3,Recruiting
NCT101056,Remdesivir,Breast Cancer,Pfizer,2022-05-24,2024-08-24,Phase 2,Withdrawn
NCT101057,Salbutamol,COVID-19,GSK,2022-01-06,2024-12-07,,Withdrawn
NCT101058,Aspirin,Diabetes,AstraZeneca,2021-01-31,,Phase 4,Completed
NCT101059,Metformin,Alzheimer's Disease,GSK,2022-05-09,2025-07-20,,Completed
NCT101060,Donepezil,Alzheimer's Disease,Pfizer,2023-08-08,2025-05-24,Phase 1,Terminated
NCT101061,Salbutamol,Diabetes,GSK,2024-02-14,2024-12-11,Phase 3,Recruiting
NCT101062,Donepezil,Asthma,GSK,2022-03-22,,,Completed
NCT101063,Remdesivir,Asthma,GSK,2021-09-12,2025-06-11,,Withdrawn
NCT101064,Metformin,Diabetes,Moderna,2021-06-24,2025-08-03,Phase 3,Terminated
NCT101065,Metformin,Hypertension,Pfizer,2023-07-02,2025-08-05,Phase 3,Completed
NCT101066,Aspirin,Diabetes,Moderna,2023-08-18,,Phase 2,Recruiting
NCT101067,Metformin,Diabetes,Moderna,2024-02-25,2025-05-01,Phase 4,Recruiting
NCT101068,Aspirin,COVID-19,Sanofi,2023-10-27,2025-04-17,Phase 3,Terminated
NCT101069,Trastuzumab,Hypertension,Moderna,2023-05-07,,Phase 4,Terminated
NCT101070,Aspirin,Diabetes,Moderna,2022-07-25,2025-02-24,Phase 1,Completed
NCT101071,Trastuzumab,COVID-19,Moderna,2022-12-15,2024-08-22,Phase 3,Withdrawn
NCT101072,Salbutamol,Hypertension,Novartis,2024-07-29,2024-09-04,Phase 4,Terminated
NCT101073,Remdesivir,Breast Cancer,Moderna,2020-10-15,2025-02-11,Phase 2,Recruiting
NCT101074,Salbutamol,Breast Cancer,Novartis,2024-06-09,2025-04-17,Phase 2,Completed
NCT101075,Trastuzumab,Hypertension,Novartis,2024-06-15,2025-03-11,Phase 1,Terminated
NCT101076,Metformin,Hypertension,AstraZeneca,2023-04-16,2025-05-06,Phase 3,Recruiting
NCT101077,Salbutamol,Breast Cancer,Moderna,2024-04-23,2025-05-14,Phase 2,Withdrawn
NCT101078,Salbutamol,Alzheimer's Disease,Pfizer,2024-01-07,2025-01-28,Phase 4,Withdrawn
NCT101079,Remdesivir,Diabetes,Novartis,2020-11-12,2024-10-12,,Terminated
NCT101080,Salbutamol,Hypertension,Pfizer,2022-11-25,2025-03-04,Phase 3,Recruiting
NCT101081,Salbutamol,COVID-19,Sanofi,2021-11-02,,Phase 2,Recruiting
NCT101082,Salbutamol,Alzheimer's Disease,Novartis,2023-11-06,2025-06-16,Phase 4,Completed
NCT101083,Salbutamol,Asthma,Pfizer,2024-02-29,2024-12-03,Phase 4,Terminated
NCT101084,Donepezil,Hypertension,Moderna,2021-07-23,2025-03-25,Phase 3,Terminated
NCT101085,Aspirin,Diabetes,Moderna,2023-11-21,,Phase 3,Terminated
NCT101086,Donepezil,COVID-19,Pfizer,2021-06-06,,Phase 1,Withdrawn
NCT101087,Donepezil,Alzheimer's Disease,Novartis,2023-12-07,2025-04-01,,Withdrawn
NCT101088,Donepezil,Diabetes,Pfizer,2023-12-13,2024-09-14,Phase 1,Terminated
NCT101089,Remdesivir,Hypertension,AstraZeneca,2021-11-09,,,Terminated
NCT101090,Salbutamol,COVID-19,GSK,2023-09-09,2025-04-27,Phase 1,Completed
NCT101091,Donepezil,Diabetes,Sanofi,2021-02-18,,Phase 4,Completed
NCT101092,Trastuzumab,Alzheimer's Disease,AstraZeneca,2021-10-13,2024-10-21,,Completed
NCT101093,Metformin,Asthma,AstraZeneca,2020-09-15,2024-08-14,Phase 1,Withdrawn
NCT101094,Remdesivir,Alzheimer's Disease,Pfizer,2022-07-03,,Phase 3,Completed
NCT101095,Aspirin,Breast Cancer,GSK,2022-03-01,2025-01-11,Phase 1,Recruiting
NCT101096,Salbutamol,Hypertension,Moderna,2022-01-20,2025-07-07,Phase 2,Withdrawn
NCT101097,Donepezil,Alzheimer's Disease,Novartis,2021-03-02,2025-02-22,Phase 3,Completed
NCT101098,Donepezil,Asthma,Sanofi,2023-11-03,2025-07-17,Phase 4,Terminated
NCT101099,Salbutamol,COVID-19,Sanofi,2021-06-21,2025-03-04,Phase 3,Terminated
NCT101100,Trastuzumab,Hypertension,AstraZeneca,2023-12-18,2024-12-31,Phase 2,Completed
NCT101101,Remdesivir,Asthma,AstraZeneca,2023-11-17,2025-05-07,Phase 3,Terminated
NCT101102,Trastuzumab,Alzheimer's Disease,Sanofi,2020-12-28,2024-08-28,Phase 2,Withdrawn
NCT101103,Aspirin,Alzheimer's Disease,Novartis,2023-03-30,,Phase 4,Recruiting
NCT101104,Remdesivir,Alzheimer's Disease,Pfizer,2021-07-13,,,Withdrawn
NCT101105,Metformin,COVID-19,GSK,2023-03-08,2024-08-22,Phase 4,Terminated
NCT101106,Metformin,Asthma,Pfizer,2021-03-07,,,Terminated
NCT101107,Metformin,COVID-19,Moderna,2024-05-27,2025-05-05,Phase 2,Completed
NCT101108,Salbutamol,Alzheimer's Disease,AstraZeneca,2024-02-22,2025-05-07,Phase 1,Withdrawn
NCT101109,Salbutamol,Asthma,Sanofi,2021-06-30,2025-04-29,Phase 3,Recruiting
NCT101110,,Diabetes,Sanofi,2023-04-16,2025-03-01,Phase 3,Recruiting
NCT101111,Aspirin,Breast Cancer,Novartis,2021-05-20,2025-01-25,Phase 3,Terminated
NCT101112,Remdesivir,Alzheimer's Disease,Novartis,2023-01-25,2024-11-11,,Terminated
NCT101113,Salbutamol,Diabetes,AstraZeneca,2020-10-06,2024-10-02,Phase 1,Withdrawn
NCT101114,Donepezil,Asthma,Novartis,2022-02-09,,Phase 2,Completed
NCT101115,Remdesivir,Diabetes,Novartis,2023-03-15,,,Withdrawn
NCT101116,Salbutamol,Asthma,Sanofi,2021-01-20,,Phase 3,Recruiting
NCT101117,Aspirin,Hypertension,Moderna,2020-12-20,2024-08-11,Phase 4,Recruiting
NCT101118,Metformin,Breast Cancer,AstraZeneca,2022-10-29,2025-04-12,Phase 2,Recruiting
NCT101119,Salbutamol,Alzheimer's Disease,AstraZeneca,2020-09-02,2024-08-27,,Terminated
NCT101120,Aspirin,Diabetes,AstraZeneca,2022-04-21,2024-12-06,Phase 1,Recruiting
NCT101121,Trastuzumab,Asthma,Moderna,2020-10-14,2024-10-23,Phase 4,Withdrawn
NCT101122,Trastuzumab,COVID-19,Moderna,2022-02-03,2025-04-17,Phase 4,Recruiting
NCT101123,Remdesivir,Hypertension,Pfizer,2022-10-11,2024-09-27,Phase 2,Terminated
NCT101124,Trastuzumab,COVID-19,Pfizer,2022-12-21,2025-01-19,,Withdrawn
NCT101125,Salbutamol,Alzheimer's Disease,Novartis,2021-09-17,2024-10-16,Phase 2,Completed
NCT101126,Salbutamol,Hypertension,Sanofi,2023-05-05,,Phase 3,Recruiting
NCT101127,Salbutamol,Alzheimer's Disease,GSK,2022-04-17,2024-08-09,Phase 4,Completed
NCT101128,Aspirin,Hypertension,Novartis,2023-09-29,2024-11-24,Phase 4,Recruiting
NCT101129,Trastuzumab,Alzheimer's Disease,Moderna,2022-12-31,2025-07-17,Phase 1,Terminated
NCT101130,Remdesivir,Alzheimer's Disease,AstraZeneca,2024-03-04,,Phase 4,Terminated
NCT101131,Donepezil,Alzheimer's Disease,AstraZeneca,2024-07-20,2024-09-25,Phase 1,Completed
NCT101132,Remdesivir,Hypertension,Novartis,2021-11-19,2024-10-26,,Completed
NCT101133,Donepezil,Diabetes,GSK,2023-03-21,,,Withdrawn
NCT101134,Salbutamol,Alzheimer's Disease,GSK,2023-09-19,2025-05-21,Phase 2,Terminated
NCT101135,Aspirin,Hypertension,Novartis,2021-05-22,2024-09-09,Phase 4,Withdrawn
NCT101136,Metformin,Hypertension,GSK,2023-10-02,2025-03-14,,Completed
NCT101137,Metformin,Diabetes,Moderna,2020-11-16,2025-06-12,Phase 1,Completed
NCT101138,Remdesivir,Alzheimer's Disease,AstraZeneca,2024-06-07,2025-06-30,Phase 4,Completed
NCT101139,Metformin,COVID-19,Novartis,2021-05-20,,Phase 1,Terminated
NCT101140,Metformin,Breast Cancer,AstraZeneca,2023-01-29,,,Withdrawn
NCT101141,Aspirin,Diabetes,GSK,2021-05-15,2025-06-06,Phase 1,Completed
NCT101142,Remdesivir,COVID-19,Pfizer,2021-09-29,,Phase 2,Withdrawn
NCT101143,,Diabetes,Sanofi,2023-12-15,2025-04-29,Phase 3,Recruiting
NCT101144,Metformin,COVID-19,GSK,2022-11-08,2025-02-10,Phase 3,Recruiting
NCT101145,Metformin,Diabetes,AstraZeneca,2023-11-06,2024-09-17,Phase 3,Terminated
NCT101146,Aspirin,Asthma,Moderna,2023-03-23,2025-02-10,Phase 3,Completed
NCT101147,Remdesivir,COVID-19,Sanofi,2022-06-05,2025-06-18,Phase 1,Recruiting
NCT101148,Aspirin,Alzheimer's Disease,Sanofi,2024-02-08,,,Completed
NCT101149,Trastuzumab,Alzheimer's Disease,Novartis,2023-03-30,2025-03-22,Phase 4,Completed
NCT101150,Remdesivir,COVID-19,Sanofi,2023-08-14,2025-01-13,,Withdrawn
NCT101151,Salbutamol,Alzheimer's Disease,Moderna,2020-12-16,2025-01-31,Phase 2,Terminated
NCT101152,Metformin,Asthma,Novartis,2024-04-23,2024-10-05,,Withdrawn
NCT101153,Donepezil,Hypertension,AstraZeneca,2022-01-02,2025-03-28,Phase 1,Recruiting
NCT101154,Aspirin,COVID-19,GSK,2024-03-21,2024-09-03,Phase 3,Completed
NCT101155,Trastuzumab,Alzheimer's Disease,Novartis,2022-09-23,2025-07-07,Phase 2,Completed
NCT101156,,COVID-19,AstraZeneca,2023-09-02,2024-09-05,Phase 1,Terminated
NCT101157,Donepezil,Asthma,GSK,2022-12-31,2025-01-11,Phase 4,Recruiting
NCT101158,Metformin,COVID-19,Sanofi,2023-12-24,2025-04-06,,Recruiting
NCT101159,Donepezil,COVID-19,AstraZeneca,2022-02-14,,Phase 2,Terminated
NCT101160,Donepezil,Hypertension,AstraZeneca,2023-12-25,2025-07-30,Phase 1,Terminated
NCT101161,Salbutamol,Asthma,GSK,2022-05-20,2025-07-21,Phase 4,Withdrawn
NCT101162,Donepezil,Asthma,Pfizer,2023-07-05,2024-12-14,,Completed
NCT101163,,Breast Cancer,Pfizer,2022-07-11,2025-06-19,Phase 3,Terminated
NCT101164,Remdesivir,Diabetes,GSK,2021-01-08,2024-10-01,Phase 1,Withdrawn
NCT101165,Donepezil,Diabetes,Pfizer,2022-08-19,,Phase 2,Withdrawn
NCT101166,Salbutamol,Alzheimer's Disease,Sanofi,2022-04-16,2025-07-16,Phase 2,Completed
NCT101167,Remdesivir,Breast Cancer,Moderna,2022-08-08,2024-08-19,Phase 3,Completed
NCT101168,Remdesivir,Breast Cancer,Novartis,2023-03-06,,Phase 1,Completed
NCT101169,Salbutamol,Alzheimer's Disease,Sanofi,2024-06-15,2024-11-22,Phase 3,Completed
NCT101170,Trastuzumab,Diabetes,GSK,2020-09-09,2025-05-17,Phase 2,Completed
NCT101171,Metformin,Diabetes,Sanofi,2023-12-19,2025-04-08,Phase 4,Recruiting
NCT101172,Metformin,Alzheimer's Disease,Moderna,2021-02-01,2025-03-24,Phase 1,Terminated
NCT101173,Metformin,Breast Cancer,Pfizer,2023-01-18,2025-06-23,Phase 4,Withdrawn
NCT101174,Donepezil,Diabetes,AstraZeneca,2022-04-05,2024-09-07,,Withdrawn
NCT101175,Salbutamol,,Novartis,2021-12-23,2024-09-30,Phase 3,Terminated
NCT101176,Donepezil,Asthma,Sanofi,2022-06-17,,,Completed
NCT101177,Trastuzumab,Asthma,Sanofi,2023-06-18,,,Completed
NCT101178,Salbutamol,Diabetes,AstraZeneca,2022-02-16,2024-11-11,Phase 3,Terminated
NCT101179,Metformin,,Novartis,2023-01-04,2024-09-04,Phase 4,Completed
NCT101180,Aspirin,COVID-19,AstraZeneca,2024-02-29,2025-07-06,Phase 1,Withdrawn
NCT101181,Remdesivir,Asthma,Moderna,2022-02-12,,Phase 1,Withdrawn
NCT101182,Remdesivir,COVID-19,Moderna,2024-05-07,2025-07-15,,Recruiting
NCT101183,Trastuzumab,Hypertension,Pfizer,2024-06-06,,,Terminated
NCT101184,Salbutamol,Asthma,AstraZeneca,2023-10-26,2024-10-24,Phase 4,Recruiting
NCT101185,Donepezil,COVID-19,Moderna,2023-06-30,,Phase 3,Completed
NCT101186,Metformin,Alzheimer's Disease,Novartis,2021-10-20,2024-10-27,,Recruiting
NCT101187,,Alzheimer's Disease,AstraZeneca,2024-06-15,2025-07-24,Phase 1,Terminated
NCT101188,Metformin,Asthma,Sanofi,2023-03-02,2024-12-17,Phase 4,Withdrawn
NCT101189,,Asthma,Pfizer,2024-04-16,2025-02-25,Phase 4,Recruiting
NCT101190,Salbutamol,Asthma,Moderna,2021-07-19,2025-05-01,Phase 4,Withdrawn
NCT101191,Remdesivir,COVID-19,GSK,2022-05-24,2025-02-22,Phase 4,Recruiting
NCT101192,Metformin,Asthma,AstraZeneca,2024-03-06,,,Recruiting
NCT101193,,Diabetes,Pfizer,2022-03-26,2024-10-26,Phase 3,Completed
NCT101194,Donepezil,Asthma,Moderna,2021-04-19,2025-06-10,Phase 4,Terminated
NCT101195,Salbutamol,Breast Cancer,Moderna,2021-09-02,2024-09-05,Phase 1,Terminated
NCT101196,Trastuzumab,Alzheimer's Disease,Sanofi,2024-04-17,2024-09-14,Phase 4,Withdrawn
NCT101197,Metformin,Asthma,Novartis,2020-12-22,2025-06-05,,Recruiting
NCT101198,Salbutamol,Breast Cancer,AstraZeneca,2022-10-03,2024-09-29,Phase 3,Terminated
NCT101199,Metformin,Asthma,Novartis,2021-08-02,2024-11-05,Phase 2,Terminated
